feature,stage,stage_name,n,mean,std,median,q25,q75,iqr,min,max,skew,kurtosis,is_constant,outlier_pct
Index_W,0,Awake,85553.0,0.732605766815774,0.1933491565083699,0.7798434495925903,0.6318864822387695,0.8770152926445007,0.2451288104057312,0.020400000736117363,1.0,-1.0696871848361689,0.8526390648048219,0,2.986452842097881
Index_W,1,N1,36976.0,0.5731996748259324,0.21701761173047773,0.6022329032421112,0.4264233037829399,0.7320203334093094,0.3055970296263695,0.05000000074505806,1.0,-0.3836465272569977,-0.5307231313849088,0,0.0
Index_W,2,N2,131253.0,0.37112199370498217,0.22015445914029252,0.3787246346473694,0.15892112255096436,0.5555424094200134,0.3966212868690491,0.05000000074505806,1.0,0.14772578255812,-1.1375066749560323,0,0.0
Index_W,3,N3,28989.0,0.28048487215002593,0.19587798502648168,0.24262332916259766,0.08594617247581482,0.4557710289955139,0.3698248565196991,0.05000000074505806,0.9414129257202148,0.38529845194878387,-1.1999685519600756,0,0.0
Index_W,4,REM,50064.0,0.3443399326754219,0.22991635951327985,0.2755940705537796,0.16361906006932259,0.4871829077601433,0.3235638476908207,0.05000000074505806,0.9990747570991516,0.8507904612304608,-0.2735105592532343,0,0.12184403962927452
Index_W,6,Unknown/Uncertain,313.0,0.1557329435841725,0.12546253349291003,0.12283357977867126,0.06876475363969803,0.18785670399665833,0.1190919503569603,0.05000000074505806,0.7079871296882629,2.4632214883627808,6.943594009182247,0,6.070287539936102
Index_R,0,Awake,85553.0,0.4171372066455032,0.19175563669913973,0.38383230566978455,0.28181198239326477,0.5287739634513855,0.24696198105812073,0.020400000736117363,1.0,0.7070030348089799,0.17466711499921983,0,2.0057741984500836
Index_R,1,N1,36976.0,0.4031924727079243,0.1982964619825674,0.36503733694553375,0.2549988254904747,0.5244306176900864,0.26943179219961166,0.05000000074505806,1.0,0.6706720401656053,-0.16755416154731906,0,0.6328429251406318
Index_R,2,N2,131253.0,0.40205900196556266,0.21849973968089295,0.37188443541526794,0.21711523830890656,0.5582259297370911,0.3411106914281845,0.05000000074505806,1.0,0.4847579954961902,-0.6368344049813346,0,0.0
Index_R,3,N3,28989.0,0.3096810078144355,0.17405392367611958,0.29331979155540466,0.16305336356163025,0.41991057991981506,0.2568572163581848,0.05000000074505806,0.987561047077179,0.61546802689093,-0.10267562665812946,0,0.6416226844665218
Index_R,4,REM,50064.0,0.6867860737717307,0.2086868128832303,0.7221717536449432,0.5386908948421478,0.8590805679559708,0.32038967311382294,0.057821307331323624,1.0,-0.5734132516478712,-0.49720060998607796,0,0.0019974432726110576
Index_R,6,Unknown/Uncertain,313.0,0.6450636891511302,0.3035923636218292,0.7831464409828186,0.3384541869163513,0.9165910482406616,0.5781368613243103,0.09144612401723862,0.965347409248352,-0.6095333671259846,-1.2307744429470906,0,0.0
Index_N,0,Awake,85553.0,0.46566179512620787,0.22448859610269278,0.46032604575157166,0.29133278131484985,0.6344934105873108,0.34316062927246094,0.020400000736117363,1.0,0.10758096636357196,-0.8298904810952861,0,0.0
Index_N,1,N1,36976.0,0.3866719732543414,0.20804161831447313,0.3743410110473633,0.23101525381207466,0.5292135775089264,0.29819832369685173,0.05000000074505806,1.0,0.31560415757670984,-0.515673697024635,0,0.11358719169190827
Index_N,2,N2,131253.0,0.2758740009544936,0.19029381525354463,0.2590447962284088,0.09769795089960098,0.4002871513366699,0.30258920043706894,0.05000000074505806,0.9994996190071106,0.7272324262675212,-0.020181491963725318,0,0.47922714147486156
Index_N,3,N3,28989.0,0.3910807736792145,0.2033931445572347,0.3730870485305786,0.23105750977993011,0.5389693379402161,0.30791182816028595,0.05000000074505806,0.9722357988357544,0.3244717208368333,-0.6567322852729456,0,0.0
Index_N,4,REM,50064.0,0.5311032193160764,0.24399046956527795,0.5364412069320679,0.34813784062862396,0.7272481620311737,0.37911032140254974,0.05000000074505806,1.0,-0.1219545524259589,-0.8902347597889242,0,0.0
Index_N,6,Unknown/Uncertain,313.0,0.4535563400568673,0.11789536444606895,0.4070948660373688,0.35607022047042847,0.5305011868476868,0.1744309663772583,0.329961359500885,0.8911970257759094,1.2313332124948762,0.9136438523335877,0,0.9584664536741214
Index_1,0,Awake,85553.0,0.6777324300489829,0.19714558140290886,0.7137763500213623,0.5624209046363831,0.8243460655212402,0.2619251608848572,0.026671774685382843,1.0,-0.7472875740632872,0.10916670567536668,0,1.5510852921580773
Index_1,1,N1,36976.0,0.6372556599182061,0.1969937858592241,0.6662769019603729,0.5139768123626709,0.7875110507011414,0.27353423833847046,0.05000000074505806,1.0,-0.5930941879628102,-0.1145739335242908,0,0.8167459974037214
Index_1,2,N2,131253.0,0.4420942568442568,0.2068504640927394,0.4490114748477936,0.2853090465068817,0.5895780920982361,0.30426904559135437,0.05000000074505806,1.0,0.06352266046838735,-0.6388840558941573,0,0.0
Index_1,3,N3,28989.0,0.19001100263314324,0.13072109923364097,0.15253885090351105,0.0808173194527626,0.27014610171318054,0.18932878226041794,0.05000000074505806,0.9999218583106995,1.1643589256254532,1.5121880545572326,0,1.2452999413570665
Index_1,4,REM,50064.0,0.4518117434081028,0.21407408808391157,0.44169703125953674,0.28023602068424225,0.6139476299285889,0.3337116092443466,0.05000000074505806,0.9968918561935425,0.18598718307935705,-0.7943749466580039,0,0.0
Index_1,6,Unknown/Uncertain,313.0,0.12675581295221758,0.1049433346244354,0.09266220033168793,0.06920880079269409,0.14647215604782104,0.07726335525512695,0.05000000074505806,0.6058987379074097,3.066893004082132,10.3464453717229,0,6.7092651757188495
Index_2,0,Awake,85553.0,0.5465941826065377,0.21925319433767865,0.5529926419258118,0.3871021270751953,0.7140679359436035,0.3269658088684082,0.021904991939663887,1.0,-0.12004247837786272,-0.7373099420929283,0,0.0
Index_2,1,N1,36976.0,0.3364831458185592,0.14806361118487502,0.31692518293857574,0.22514235973358154,0.42737626284360886,0.2022339031100273,0.05103246495127678,1.0,0.7332161315181767,0.7079341562536228,0,1.106122890523583
Index_2,2,N2,131253.0,0.41529117127546805,0.157030666598847,0.40702974796295166,0.2931917905807495,0.531247079372406,0.2380552887916565,0.05000000074505806,1.0,0.2231319449067658,-0.565178062072174,0,0.09980724250112379
Index_2,3,N3,28989.0,0.6083058055085844,0.15397588766582593,0.6252162456512451,0.48778674006462097,0.7241573333740234,0.23637059330940247,0.1400667428970337,0.9814860224723816,-0.20156677736253076,-0.7619162583450945,0,0.0
Index_2,4,REM,50064.0,0.2774604819398778,0.13201462066471345,0.2562171071767807,0.1822299249470234,0.34671250730752945,0.16448258236050606,0.05066835507750511,1.0,1.0759404105704573,1.7930254036165074,0,2.7424896132949828
Index_2,6,Unknown/Uncertain,313.0,0.3130191178224719,0.14027738511453716,0.22732874751091003,0.22076749801635742,0.45470598340034485,0.23393848538398743,0.11973347514867783,0.7596644163131714,0.8183683654182512,-0.7511915340942545,0,0.0
Index_3,0,Awake,85553.0,0.5288330564356397,0.2240310007046377,0.5355810523033142,0.35583654046058655,0.7008755207061768,0.3450389802455902,0.020400000736117363,1.0,-0.048486166512742186,-0.8184558237629997,0,0.0
Index_3,1,N1,36976.0,0.513365288866218,0.17219060592741223,0.5149557292461395,0.39366158843040466,0.634306788444519,0.24064520001411438,0.05000000074505806,0.9939191937446594,-0.07216807645444555,-0.3704740818970551,0,0.0
Index_3,2,N2,131253.0,0.5111787565126644,0.16776451313385543,0.5097530484199524,0.3932533264160156,0.6286210417747498,0.23536771535873413,0.05000000074505806,0.9910077452659607,0.0024910129055257997,-0.4050241415783189,0,0.0022856620420104684
Index_3,3,N3,28989.0,0.26229932313959275,0.13492319517690976,0.23567736148834229,0.16672451794147491,0.32466384768486023,0.15793932974338531,0.05004285275936127,0.9739417433738708,1.242805064355429,1.8533068278852571,0,4.163648280382214
Index_3,4,REM,50064.0,0.4726744202032897,0.16838198830058634,0.4668183773756027,0.35380569845438004,0.5911003351211548,0.23729463666677475,0.05000000074505806,0.9687826037406921,0.10979381536149567,-0.44844247238256285,0,0.04394375199744328
Index_3,6,Unknown/Uncertain,313.0,0.42323963087016403,0.10965878711398323,0.3812929391860962,0.36824318766593933,0.46898481249809265,0.10074162483215332,0.23220665752887726,0.7498967051506042,1.122241759628022,0.951835957201502,0,8.945686900958465
Index_4,0,Awake,85553.0,0.5430575953062686,0.22257529086112535,0.5568497180938721,0.3823205530643463,0.7088846564292908,0.32656410336494446,0.021866653114557266,1.0,-0.1516860146748953,-0.7272062203718521,0,0.0
Index_4,1,N1,36976.0,0.38350383972832536,0.16486367629177634,0.361934632062912,0.2586350217461586,0.49253883957862854,0.23390381783246994,0.05000000074505806,1.0,0.5381202346941907,-0.11241861119363916,0,0.5733448723496323
Index_4,2,N2,131253.0,0.34653953112718094,0.1563544199856911,0.32978907227516174,0.2266191840171814,0.44773879647254944,0.22111961245536804,0.05000000074505806,1.0,0.6040039649068113,0.17165138645221312,0,0.863980251879957
Index_4,3,N3,28989.0,0.5987903021318147,0.13941176257052204,0.6066617965698242,0.5122455358505249,0.6894519329071045,0.1772063970565796,0.05708702281117439,0.9756237268447876,-0.3285762703674871,0.29184828940759866,0,1.5557625306150609
Index_4,4,REM,50064.0,0.3969816340574207,0.15674790220861343,0.3890107274055481,0.284121073782444,0.5007666796445847,0.21664560586214066,0.05000000074505806,1.0,0.3534079893148778,-0.006734135812092923,0,0.7989773090444231
Index_4,6,Unknown/Uncertain,313.0,0.4048357705671947,0.11032588403121793,0.43519696593284607,0.3400571048259735,0.4650455415248871,0.12498843669891357,0.11835318058729172,0.6960383057594299,-0.46620282058286777,0.16737469273586214,0,2.8753993610223643
Delta,0,Awake,85553.0,0.2822397148662424,0.2141397442971557,0.21942229568958282,0.10174160450696945,0.4185149073600769,0.31677330285310745,0.020400000736117363,1.0,0.9263627354078083,0.008754611737763707,0,0.6382008813250265
Delta,1,N1,36976.0,0.10950094580405308,0.09007516321425911,0.07696453854441643,0.054648117162287235,0.12842437624931335,0.07377625908702612,0.05000000074505806,1.0,3.6966214190905116,22.67825232271545,0,6.9883167459974045
Delta,2,N2,131253.0,0.16330802872818195,0.11682147532569219,0.12661917507648468,0.07829596102237701,0.2093324065208435,0.1310364454984665,0.05000000074505806,1.0,1.8248785053602747,4.461836768327393,0,4.781604991885899
Delta,3,N3,28989.0,0.49946256955452856,0.19878876572506196,0.49913766980171204,0.357183575630188,0.6464165449142456,0.2892329692840576,0.05000000074505806,0.9976472854614258,-0.0019980388409975387,-0.6511212921003704,0,0.0
Delta,4,REM,50064.0,0.08651727657885992,0.0632502905491206,0.06386484950780869,0.052544197998940945,0.09260577149689198,0.04006157349795103,0.05000000074505806,0.7733153700828552,4.032300978113703,23.140323871671864,0,9.240172579098752
Delta,6,Unknown/Uncertain,313.0,0.21219599600464772,0.19701458715807324,0.10017629712820053,0.05000000074505806,0.41846516728401184,0.3684651665389538,0.05000000074505806,0.6612039804458618,0.8482447727554026,-0.8943479223037638,0,0.0
Theta,0,Awake,85553.0,0.2838505012798821,0.20606021189539567,0.232141375541687,0.112088143825531,0.4060824513435364,0.29399430751800537,0.020400000736117363,1.0,0.9472848519660623,0.21702978412912888,0,1.206269797669281
Theta,1,N1,36976.0,0.2578265195915355,0.16289717768787254,0.22850743681192398,0.12057448737323284,0.36764833331108093,0.2470738459378481,0.05000000074505806,0.9073771238327026,0.7674270561687213,0.01857941836497856,0,0.5679359584595413
Theta,2,N2,131253.0,0.38076812068555127,0.1882409944879492,0.36701810359954834,0.23410379886627197,0.510398805141449,0.276295006275177,0.05000000074505806,0.9879298806190491,0.34990242878373556,-0.5184149009829411,0,0.1302827363945967
Theta,3,N3,28989.0,0.49929370146768176,0.18704138140729518,0.5093677043914795,0.3644787669181824,0.6362242102622986,0.2717454433441162,0.05000000074505806,0.9627755880355835,-0.13652759597968833,-0.6616132602456646,0,0.0
Theta,4,REM,50064.0,0.19796344164880061,0.1311172821909916,0.1640928089618683,0.09804635308682919,0.2616450563073158,0.16359870322048664,0.05000000074505806,0.9320411682128906,1.4117419984794264,2.275177850362155,0,3.5973953339725155
Theta,6,Unknown/Uncertain,313.0,0.27294949646860645,0.23682543724015445,0.19846691191196442,0.0575999990105629,0.4225560426712036,0.3649560436606407,0.05000000074505806,0.9381749629974365,0.9258459119187573,-0.04498459362197149,0,0.0
Aperiodic,0,Awake,85553.0,0.3512204127074244,0.23917010429293975,0.318408727645874,0.15255247056484222,0.5062375664710999,0.35368509590625763,0.05000000074505806,1.0,0.6227931730434781,-0.34571329459564826,0,0.0
Aperiodic,1,N1,36976.0,0.48641866527077443,0.2416618111973813,0.49501530826091766,0.30759645253419876,0.6649028211832047,0.3573063686490059,0.05000000074505806,1.0,-0.03351497166276974,-0.7567327255458225,0,0.0
Aperiodic,2,N2,131253.0,0.6981857697091955,0.18730024015414065,0.7103316783905029,0.5801217555999756,0.8364700675010681,0.25634831190109253,0.05000000074505806,1.0,-0.5396532997743818,0.21365987539634101,0,1.2053057834868537
Aperiodic,3,N3,28989.0,0.8967400017036419,0.11822465855677697,0.9279283881187439,0.8433263301849365,1.0,0.15667366981506348,0.05000000074505806,1.0,-1.962067113857177,6.268029876707313,0,2.8148608092724827
Aperiodic,4,REM,50064.0,0.5056325117568552,0.19233254678703224,0.5060888528823853,0.3802873268723488,0.6337246298789978,0.253437303006649,0.05000000074505806,1.0,-0.01509005823006483,-0.11381579401876118,0,0.0
Aperiodic,6,Unknown/Uncertain,313.0,0.6940991112623162,0.16323480784526412,0.6915546655654907,0.6080044507980347,0.8089326620101929,0.2009282112121582,0.05000000074505806,1.0,-1.2079186998589946,3.544296697464084,0,2.8753993610223643
DFA,0,Awake,85553.0,0.5036522315984105,0.3006551400910662,0.4830680191516876,0.24427646398544312,0.751318633556366,0.5070421695709229,0.05000000074505806,1.0,0.16271851151124858,-1.1684413178019912,0,0.0
DFA,1,N1,36976.0,0.45912218928395127,0.2755732600987059,0.4161488115787506,0.23606190830469131,0.6524222642183304,0.41636035591363907,0.05000000074505806,1.0,0.4455713956430576,-0.8078303345901241,0,0.0
DFA,2,N2,131253.0,0.3109183708150062,0.22029240146476664,0.2634933292865753,0.1363145262002945,0.43305936455726624,0.29674483835697174,0.05000000074505806,1.0,0.9889638237979308,0.5289220450511731,0,2.3191850852932885
DFA,3,N3,28989.0,0.12413217625287892,0.12177982055591842,0.05797548592090607,0.05000000074505806,0.1592705100774765,0.10927050933241844,0.05000000074505806,1.0,2.5096703298879683,8.330552629939422,0,7.251026251336714
DFA,4,REM,50064.0,0.4388972999021761,0.2333108795873919,0.422050803899765,0.2681458741426468,0.5841968506574631,0.3160509765148163,0.05000000074505806,1.0,0.42202903585451307,-0.3146770897621636,0,0.0
DFA,6,Unknown/Uncertain,313.0,0.16712256987540486,0.20749281881330475,0.06934002041816711,0.05000000074505806,0.1892755627632141,0.13927556201815605,0.05000000074505806,1.0,2.50676791193151,6.13985323711645,0,9.26517571884984
MSE,0,Awake,85553.0,0.578863865385003,0.30503726345445437,0.5961542725563049,0.32077839970588684,0.8600047826766968,0.5392263829708099,0.05000000074505806,1.0,-0.17461414742638856,-1.2263812191803927,0,0.0
MSE,1,N1,36976.0,0.5999232181962475,0.267896106298754,0.6136526167392731,0.3985797315835953,0.8194423615932465,0.4208626300096512,0.05000000074505806,1.0,-0.23402448903704276,-0.9073973160545545,0,0.0
MSE,2,N2,131253.0,0.41434489501483374,0.22335943988676116,0.3994825482368469,0.23968040943145752,0.5723211765289307,0.33264076709747314,0.05000000074505806,1.0,0.31990667594611744,-0.5883163362190862,0,0.0
MSE,3,N3,28989.0,0.1543365843369701,0.12800171915971725,0.11231008172035217,0.05000000074505806,0.21204915642738342,0.16204915568232536,0.05000000074505806,1.0,1.7997761339001934,4.317539568373703,0,3.3805926385870504
MSE,4,REM,50064.0,0.5667597639505249,0.2493946314848498,0.5946402549743652,0.38990578800439835,0.7581596225500107,0.36825383454561234,0.05000000074505806,1.0,-0.31909804225830685,-0.7122789673253869,0,0.0
MSE,6,Unknown/Uncertain,313.0,0.2302053108240088,0.1837588488357844,0.18927828967571259,0.05000000074505806,0.4045848846435547,0.35458488389849663,0.05000000074505806,0.615833044052124,0.2976882871526281,-1.552430064437604,0,0.0
EOG,0,Awake,85553.0,0.4040038540708808,0.2926859112987096,0.33533045649528503,0.1455783098936081,0.6287704110145569,0.4831921011209488,0.05000000074505806,1.0,0.5588012345783397,-0.8952160981064048,0,0.0
EOG,1,N1,36976.0,0.11497288224430798,0.11119495865677267,0.06791289895772934,0.05000000074505806,0.13358792662620544,0.08358792588114738,0.05000000074505806,1.0,3.098013246551829,13.081295053203473,0,8.667784508870618
EOG,2,N2,131253.0,0.10211057044234681,0.084355474473378,0.06972019374370575,0.05000000074505806,0.12242311984300613,0.07242311909794807,0.05000000074505806,1.0,3.5899542904714066,20.802841379908312,0,6.274142305318736
EOG,3,N3,28989.0,0.2532865627575919,0.12318526850230244,0.22708143293857574,0.16666781902313232,0.3212166130542755,0.1545487940311432,0.05000000074505806,1.0,1.0668900718753456,1.7078620690178372,0,2.2663769015833592
EOG,4,REM,50064.0,0.18176769137771823,0.18489335623858136,0.10319698974490166,0.05000000074505806,0.24114610627293587,0.1911461055278778,0.05000000074505806,1.0,1.9788872775618118,4.098467904980299,0,6.447746883988495
EOG,6,Unknown/Uncertain,313.0,0.0732226385095249,0.051978479528440605,0.05000000074505806,0.05000000074505806,0.07889921218156815,0.028899211436510086,0.05000000074505806,0.6329113245010376,5.548356503864485,46.997296639052216,0,9.904153354632587
Index_R_noEOG,0,Awake,85553.0,0.3801351495997601,0.19913668159665343,0.35337477922439575,0.22799663245677948,0.5022703409194946,0.27427370846271515,0.020400000736117363,1.0,0.6453785606064061,-0.033632015366327206,0,1.0671747337907496
Index_R_noEOG,1,N1,36976.0,0.5128659568927507,0.19553681672893536,0.4861763119697571,0.3654277101159096,0.6486357152462006,0.283208005130291,0.05000000074505806,1.0,0.3622174172052261,-0.5545064360372027,0,0.0
Index_R_noEOG,2,N2,131253.0,0.5611963131445739,0.22893531285556545,0.5544419884681702,0.3723273277282715,0.7580552101135254,0.3857278823852539,0.05000000074505806,1.0,0.0004235732630120377,-1.0480515714798189,0,0.0
Index_R_noEOG,3,N3,28989.0,0.3321971814710507,0.19758517068373632,0.29770806431770325,0.16729332506656647,0.46744757890701294,0.30015425384044647,0.05000000074505806,0.997743546962738,0.636441021376915,-0.3588253751487467,0,0.258718824381662
Index_R_noEOG,4,REM,50064.0,0.7158717906152988,0.20231397222000203,0.7729350924491882,0.5794410854578018,0.8747552931308746,0.2953142076730728,0.057831522077322006,1.0,-0.8259951026119731,-0.13469064348350201,0,0.4793863854266539
Index_R_noEOG,6,Unknown/Uncertain,313.0,0.7401873522197095,0.23036902614845794,0.8041541576385498,0.5244823694229126,0.9672865271568298,0.44280415773391724,0.21946851909160614,0.9975154995918274,-0.5097679668584264,-1.190528989865324,0,0.0
Index_N_noEOG,0,Awake,85553.0,0.385762970118453,0.21514704851017105,0.3573487401008606,0.21348078548908234,0.5326864719390869,0.3192056864500046,0.020400000736117363,1.0,0.4857443227582904,-0.5807850456449373,0,0.0
Index_N_noEOG,1,N1,36976.0,0.40308429480027386,0.19245789689517215,0.40029314160346985,0.25284866988658905,0.5407553464174271,0.287906676530838,0.05000000074505806,1.0,0.1957298578061382,-0.586142232406913,0,0.1325183903072263
Index_N_noEOG,2,N2,131253.0,0.611735398601378,0.1667920770422715,0.6277662515640259,0.5073218941688538,0.7316769361495972,0.2243550419807434,0.05000000074505806,1.0,-0.4915885282471788,0.04570703989544134,0,1.0879751319969828
Index_N_noEOG,3,N3,28989.0,0.8289168930683087,0.10373960805303972,0.8498098850250244,0.7747737169265747,0.9048728346824646,0.1300991177558899,0.05000000074505806,0.9971490502357483,-1.4925628806284277,4.693914362956978,0,2.387112352961468
Index_N_noEOG,4,REM,50064.0,0.3260629090347907,0.15731092975409158,0.31461183726787567,0.22153063863515854,0.41765840351581573,0.1961277648806572,0.05000000074505806,0.9947023391723633,0.5565424100901856,0.4118764338018188,0,2.0194151486097796
Index_N_noEOG,6,Unknown/Uncertain,313.0,0.5891872502553958,0.21808344908337005,0.48497316241264343,0.3842049539089203,0.8452968001365662,0.4610918462276459,0.3842049539089203,0.970179557800293,0.5285212805297319,-1.4575171859509841,0,0.0
