stage,stage_name,rank_within_stage,feature,interval_low,interval_high,coverage,precision,lift,distinctiveness_index,distinctiveness_index_norm_stage
0,Awake,1,Index_W,0.5855883598327637,0.8963485598564148,0.5999906490713359,0.4869698033374759,1.8962866999595769,0.5377636388627522,1.0
0,Awake,2,Aperiodic,0.11288828104734422,0.5578142762184144,0.5999906490713359,0.4028203941018136,1.568604358160537,0.3411572979175309,0.6344000844664786
0,Awake,3,Index_1,0.5175955653190613,0.8467923998832703,0.5999906490713359,0.3732837861423003,1.4535872124326534,0.27214808599792567,0.5060737958658882
0,Awake,4,EOG,0.11755180060863497,0.6986186027526858,0.5999906490713359,0.3549346222194564,1.382134577661882,0.22927717328395344,0.4263530605543032
0,Awake,5,Index_R_noEOG,0.20179941058158876,0.5444429755210877,0.5999906490713359,0.33147569354755385,1.2907842431422678,0.1744678267826464,0.3244321746104035
0,Awake,6,Index_R,0.25792511105537413,0.5704055666923523,0.5999906490713359,0.3313922334484651,1.2904592450113885,0.17427283094315318,0.32406956950771265
0,Awake,7,Index_N_noEOG,0.1851243793964386,0.581670641899109,0.5999906490713359,0.3130721704816448,1.2191199309341911,0.13146990958567165,0.24447526772858907
0,Awake,8,Index_N,0.25405744910240174,0.67580144405365,0.5999906490713359,0.2831149204668299,1.1024647823374536,0.06147791126160194,0.11432143569917395
0,Awake,9,Index_2,0.3479590594768524,0.7522882342338563,0.5999906490713359,0.2817829989295419,1.0972782079764996,0.05836601514431637,0.10853469986878848
0,Awake,10,Delta,0.08425303399562836,0.474219024181366,0.5999906490713359,0.27676920173617664,1.0777542110696845,0.046651799567729656,0.08675149488795411
0,Awake,11,Index_4,0.3387131989002228,0.7451631784439088,0.5999906490713359,0.27542079593074104,1.0725034460787723,0.04350138967271123,0.0808931406457803
0,Awake,12,DFA,0.19657857120037078,0.8164880990982056,0.5999906490713359,0.2592356913069608,1.009477775030625,0.005686576392376776,0.010574490317721352
0,Awake,13,Theta,0.09243661314249041,0.45631093978881837,0.5999906490713359,0.24953210603328002,0.9716914901926461,0.0,0.0
0,Awake,14,MSE,0.26498370170593266,0.9067565560340883,0.5999906490713359,0.24136796023830684,0.9398998657809582,0.0,0.0
0,Awake,15,Index_3,0.3162588775157929,0.7381983876228333,0.5999906490713359,0.2264949345193971,0.8819835008120611,0.0,0.0
1,N1,1,EOG,0.05000000074505806,0.15811192989349365,0.80000540891389,0.14692573994327804,1.323778029267151,0.25902417470120065,1.0
1,N1,2,Index_W,0.37862467765808105,0.763146698474884,0.6000108178277802,0.15482421248028583,1.3949420364268048,0.23696949427101613,0.9148547410463681
1,N1,3,Index_1,0.47439470887184143,0.8134779930114746,0.6000108178277802,0.1523596308098011,1.3727365395003865,0.22364595589992364,0.8634173090519917
1,N1,4,Index_2,0.2058306783437729,0.45722874999046326,0.6000108178277802,0.14979306060994793,1.3496121418118052,0.20977106713102311,0.8098513097204388
1,N1,5,Index_R_noEOG,0.3408217430114746,0.6947346925735474,0.6000108178277802,0.14957895943312904,1.3476831235606634,0.20861363531255084,0.805382878077688
1,N1,6,Index_N_noEOG,0.2242669016122818,0.5742504000663757,0.6000108178277802,0.14955072766614314,1.3474287597379748,0.20846101426727362,0.804793662629156
1,N1,7,Delta,0.05236256122589111,0.146558478474617,0.6000108178277802,0.14866684982544076,1.3394651580809092,0.203682767124163,0.786346553788359
1,N1,8,Aperiodic,0.2602565586566925,0.7036455869674683,0.6000108178277802,0.13435149636053145,1.2104860533620472,0.1262939090191037,0.4875757606979774
1,N1,9,Index_4,0.23514603078365326,0.5287877321243286,0.6000108178277802,0.12940291281955568,1.16590008653237,0.09954184659798689,0.38429558442880535
1,N1,10,Index_R,0.2306656837463379,0.5750745534896851,0.6000108178277802,0.12904163928133125,1.162645068231004,0.09758880040493989,0.3767555693112977
1,N1,11,MSE,0.34631413221359253,0.8674126267433167,0.6000108178277802,0.1280540244148798,1.1537468121317613,0.0922497504855922,0.3561434008698517
1,N1,12,Theta,0.10223731398582458,0.39980393648147583,0.6000108178277802,0.12765027070879098,1.1501090541353618,0.09006705633511296,0.34771679685500595
1,N1,13,Index_3,0.36476778984069824,0.6644344925880432,0.6000108178277802,0.12746325937331235,1.148424111134727,0.08905607230730894,0.3438137479254215
1,N1,14,Index_N,0.1885162889957428,0.5673786997795105,0.6000108178277802,0.12543605226407947,1.1301592908723777,0.07809698256421925,0.30150460919066197
1,N1,15,DFA,0.19919061660766602,0.7183504104614258,0.6000108178277802,0.12217229454393269,1.1007533422315927,0.06045309527126017,0.23338785015335464
2,N2,1,Index_N_noEOG,0.4745564222335815,0.7556130528450012,0.5999939049012213,0.6274280159982153,1.5925456078965272,0.3555237531139053,1.0
2,N2,2,EOG,0.05000000074505806,0.13969755470752718,0.7999969524506106,0.558711476247233,1.418128430499423,0.3345014701324954,0.9408695402282315
2,N2,3,Aperiodic,0.5462306380271912,0.8667325139045715,0.5999939049012213,0.5820989296907338,1.47749075623503,0.2864915433876928,0.8058295426913558
2,N2,4,Delta,0.0706953525543213,0.23719180822372438,0.5999939049012213,0.523046983966738,1.3276043718170902,0.1965606263092476,0.5528762131577521
2,N2,5,MSE,0.20461138188838962,0.6156458735466004,0.5999939049012213,0.5093229163298172,1.292769772340558,0.17566007894365296,0.494088165432293
2,N2,6,Index_1,0.24557647109031677,0.6241564869880676,0.5999939049012213,0.5046782276566565,1.2809805656779887,0.1685866268024905,0.47419230171233445
2,N2,7,Index_W,0.13035974204540254,0.5861910343170166,0.5999939049012213,0.4904770802192327,1.2449350363074536,0.1469595288812315,0.41336064776000364
2,N2,8,Index_4,0.20515880286693575,0.47727411389350893,0.5999939049012213,0.4900345353287079,1.2438117633522587,0.1462855719545742,0.41146497434647117
2,N2,9,Index_2,0.2684119284152985,0.56002756357193,0.5999939049012213,0.47886630222616794,1.2154644149363327,0.1292773356849073,0.3636250308245606
2,N2,10,Theta,0.2050985038280487,0.5477810025215148,0.5999939049012213,0.476205161696055,1.2087098748852572,0.12522465282385078,0.35222584068449114
2,N2,11,DFA,0.11134338974952698,0.4827953517436983,0.5999939049012213,0.47536006181111395,1.2065648318274405,0.12393764006341007,0.3486057935029225
2,N2,12,Index_N,0.07764406502246857,0.439630401134491,0.5999939049012213,0.46414215830730243,1.1780914093801187,0.1068537601433394,0.30055308318345975
2,N2,13,Index_3,0.36451697945594785,0.6572842597961426,0.5999939049012213,0.460763892952011,1.169516654162472,0.10170895927673143,0.28608203639250274
2,N2,14,Index_R_noEOG,0.33728532791137694,0.7962968349456788,0.5999939049012213,0.429436913110338,1.0900021235973254,0.05400072558656162,0.15189062647316412
2,N2,15,Index_R,0.19202490746974946,0.6025388836860657,0.5999939049012213,0.39128598543192455,0.9931669636072619,0.0,0.0
3,N3,1,Aperiodic,0.8196230292320251,1.0,0.7999931008313498,0.33053975855532275,3.798636016486362,2.2388895049272213,1.0
3,N3,2,Index_N_noEOG,0.7543144822120667,0.9154968976974488,0.5999862016626997,0.35232751286310415,4.049025708164079,1.8293733534132885,0.8170896104462981
3,N3,3,MSE,0.05000000074505806,0.23938293457031254,0.7999931008313498,0.28404330891899177,3.264288532845451,1.8114152045679,0.8090686032434562
3,N3,4,Delta,0.31921138763427737,0.6835786938667298,0.5999862016626997,0.3020719359488703,3.471477502374615,1.482852399144561,0.6623160258160053
3,N3,5,DFA,0.05000000074505806,0.19177464246749887,0.7999931008313498,0.2268290297339593,2.606769381383995,1.2854044197342518,0.5741258855809572
3,N3,6,Index_1,0.0705006867647171,0.29963986277580273,0.5999862016626997,0.25054378358133705,2.8793045779984143,1.1275568155205913,0.5036232529739088
3,N3,7,Index_3,0.15165767073631287,0.3537288367748261,0.5999862016626997,0.2347011753275669,2.6972378197636924,1.0183192727982995,0.45483230438895716
3,N3,8,EOG,0.15329245924949647,0.34927977323532106,0.5999862016626997,0.22839546702034064,2.6247712251549897,0.9748403159515933,0.43541242826241305
3,N3,9,Index_4,0.4897946953773499,0.7120448112487795,0.5999862016626997,0.19445469282799485,2.2347163408712385,0.7408127674902015,0.3308840234678231
3,N3,10,Index_2,0.4547455608844757,0.7461431622505188,0.5999862016626997,0.14759718603881503,1.6962195085685623,0.4177220984695231,0.18657557577103467
3,N3,11,Theta,0.3272436797618866,0.6667757630348206,0.5999862016626997,0.13954365302225574,1.6036665258037253,0.3621915858878952,0.16177287226136192
3,N3,12,Index_W,0.07369953989982606,0.4902870118618012,0.5999862016626997,0.11695996879812251,1.3441298314777717,0.20647315046717316,0.09222123289817508
3,N3,13,Index_R_noEOG,0.1420110493898392,0.5202854037284852,0.5999862016626997,0.10730723196327875,1.233198444709771,0.1399158490750646,0.06249341415337636
3,N3,14,Index_R,0.1400883287191391,0.4552914798259735,0.5999862016626997,0.10501497367531276,1.2068553054462394,0.12411032900846675,0.05543387859710439
3,N3,15,Index_N,0.1969505161046982,0.5767786860466003,0.5999862016626997,0.09813469046920491,1.1277855690109682,0.07666957817819757,0.03424446718315821
4,REM,1,Index_N_noEOG,0.1917464792728424,0.44573974013328554,0.5999920102269095,0.29320240512259876,1.9510984911539933,0.5706514956312649,1.0
4,REM,2,Index_R,0.4937269985675812,0.8839305639266968,0.6000119846596357,0.2735717603344171,1.8204674978284574,0.4922903317207781,0.862681225738658
4,REM,3,Delta,0.051368598639965055,0.10380169153213505,0.5999920102269095,0.27068821022087247,1.8012790799389404,0.48076104592533336,0.842477500901854
4,REM,4,Index_2,0.1664201706647873,0.37161065340042115,0.5999920102269095,0.25670432597808807,1.7082241289225588,0.424928818803448,0.7446380532716981
4,REM,5,Aperiodic,0.3483552157878876,0.66488755941391,0.5999920102269095,0.24131171773325408,1.605794905298481,0.3634721030152559,0.636942347120595
4,REM,6,Index_R_noEOG,0.5309078454971313,0.8934713721275329,0.5999920102269095,0.23783056215360254,1.5826297563083478,0.34957319870546,0.6125861429991625
4,REM,7,Theta,0.08680664747953415,0.2899084329605103,0.5999920102269095,0.2348131297733793,1.5625504265983778,0.3375257613087662,0.5914744180866277
4,REM,8,Index_W,0.1437513828277588,0.5623217821121216,0.5999920102269095,0.2071157691512101,1.3782399380938035,0.226940940805003,0.3976874546766181
4,REM,9,DFA,0.23083076775074005,0.6295453906059265,0.5999920102269095,0.20317911255411256,1.3520436838592012,0.2112233975663687,0.3701442985489937
4,REM,10,Index_4,0.2594053685665131,0.529284656047821,0.5999920102269095,0.19025119389939577,1.2660155949339669,0.15960723155613807,0.2796930048865949
4,REM,11,MSE,0.337353253364563,0.7940263628959656,0.5999920102269095,0.1882398651400926,1.2526313237311093,0.1515767757717134,0.2656205704044225
4,REM,12,Index_1,0.2515340089797974,0.6569325566291809,0.5999920102269095,0.17918799288927068,1.192396162006182,0.11543616000203132,0.20228836844514664
4,REM,13,Index_3,0.3274780035018921,0.6235153675079346,0.5999920102269095,0.17354278484230473,1.1548304507082814,0.09289703336480018,0.16279118529609007
4,REM,14,Index_N,0.3021206855773926,0.767642617225647,0.5999920102269095,0.17327849276900623,1.1530717343525234,0.09184181760309,0.16094204309671165
4,REM,15,EOG,0.05000000074505806,0.288548618555069,0.7999960051134548,0.15416979425293992,1.0259140023856792,0.0207310983850439,0.03632882511262112
6,Unknown/Uncertain,1,Index_1,0.06457115411758423,0.15563710629940034,0.597444089456869,0.007259598586901665,7.726903346501321,4.018948644714847,1.0
6,Unknown/Uncertain,2,Index_W,0.06445265114307404,0.20069797039031984,0.597444089456869,0.0030519650084867476,3.248421845256031,1.3433063420539226,0.3342432215003417
6,Unknown/Uncertain,3,Index_N,0.35607022047042847,0.5600597262382507,0.7348242811501597,0.0025418015847580317,2.705418892835987,1.2531832119881052,0.311818667709555
6,Unknown/Uncertain,4,Index_3,0.3543000102043152,0.4825826704502106,0.597444089456869,0.002481883577097656,2.6416439267184395,0.9807904610106971,0.2440415510908541
6,Unknown/Uncertain,5,DFA,0.05000000074505806,0.23756441175937654,0.7987220447284346,0.002001585255522374,2.130428511172587,0.9028981718630888,0.2246602909570524
6,Unknown/Uncertain,6,EOG,0.05000000074505806,0.08769084662199023,0.7987220447284346,0.0018068283657598798,1.9231350024136864,0.737328276688248,0.18346297548685472
6,Unknown/Uncertain,7,Aperiodic,0.593118941783905,0.824364173412323,0.597444089456869,0.0018789248932429038,1.9998724270537809,0.5973678717541758,0.14863784650240544
6,Unknown/Uncertain,8,MSE,0.05000000074505806,0.4308219015598298,0.7987220447284346,0.001611094642143658,1.7148017804140339,0.5709279396278226,0.14205902839256887
6,Unknown/Uncertain,9,Index_4,0.3175362229347229,0.4888529598712922,0.597444089456869,0.001832004232223681,1.949931454655716,0.5675309329732233,0.14121378080298683
6,Unknown/Uncertain,10,Index_N_noEOG,0.3842049539089203,0.8753805994987489,0.7987220447284346,0.0012164917351551513,1.2947980452144057,0.2354616974555956,0.05858788411373246
6,Unknown/Uncertain,11,Index_2,0.21065253019332886,0.48485811352729796,0.597444089456869,0.0011668393006451934,1.2419494534108368,0.14455127088762457,0.03596743418896829
6,Unknown/Uncertain,12,Index_R_noEOG,0.46814147233963016,0.9725746631622314,0.597444089456869,0.00108416481624276,1.1539531623552903,0.09197840690236195,0.022886186172923345
6,Unknown/Uncertain,13,Theta,0.05000000074505806,0.48126787543296823,0.7987220447284346,0.0009732814768962443,1.0359321952712819,0.028699836478659656,0.007141130433801791
6,Unknown/Uncertain,14,Delta,0.05000000074505806,0.45386321544647223,0.7987220447284346,0.0008539184610339928,0.9088857097564191,0.0,0.0
6,Unknown/Uncertain,15,Index_R,0.26713591814041143,0.9235145926475525,0.597444089456869,0.0007955686401306945,0.8467798755276601,0.0,0.0
