stage,stage_name,rank_within_stage,feature_1,feature_1_low,feature_1_high,feature_2,feature_2_low,feature_2_high,coverage,precision,lift,distinctiveness_index
0,Awake,1,Index_W,0.5855883598327637,0.8963485598564148,EOG,0.11755180060863497,0.6986186027526858,0.35766133274110784,0.6541602531212588,2.5473353360605997,0.5534220184928441
0,Awake,2,Index_W,0.5855883598327637,0.8963485598564148,Index_R,0.25792511105537413,0.5704055666923523,0.39806903323086273,0.6022068185033244,2.3450258573044107,0.5354131426876791
0,Awake,3,Index_W,0.5855883598327637,0.8963485598564148,Aperiodic,0.11288828104734422,0.5578142762184144,0.3839023763047468,0.5932267678136006,2.31005705519147,0.5029340165828041
0,Awake,4,Index_W,0.5855883598327637,0.8963485598564148,Index_2,0.3479590594768524,0.7522882342338563,0.398185919839164,0.5441939967092126,2.1191207978092503,0.44561814428681545
0,Awake,5,Aperiodic,0.11288828104734422,0.5578142762184144,EOG,0.11755180060863497,0.6986186027526858,0.35814056783514314,0.5686816756064514,2.2144771412364306,0.4349535329852166
0,Awake,6,Index_1,0.5175955653190613,0.8467923998832703,EOG,0.11755180060863497,0.6986186027526858,0.3534417261814314,0.5707867713681667,2.222674497761873,0.4321441850469711
0,Awake,7,Aperiodic,0.11288828104734422,0.5578142762184144,Index_R_noEOG,0.20179941058158876,0.5444429755210877,0.3706474349233808,0.5407018381475293,2.10552214386955,0.40975894687624553
0,Awake,8,Aperiodic,0.11288828104734422,0.5578142762184144,Index_1,0.5175955653190613,0.8467923998832703,0.4352039086881816,0.4963010357100012,1.9326230225015095,0.40588118472524287
0,Awake,9,Index_W,0.5855883598327637,0.8963485598564148,Index_N_noEOG,0.1851243793964386,0.581670641899109,0.39575467838649725,0.516348441407918,2.0106887024124838,0.39998478237211876
0,Awake,10,Index_W,0.5855883598327637,0.8963485598564148,Index_N,0.25405744910240174,0.67580144405365,0.3978937033184108,0.513756621741952,2.0005960167313983,0.3981308546229066
0,Awake,11,Aperiodic,0.11288828104734422,0.5578142762184144,Delta,0.08425303399562836,0.474219024181366,0.3557794583474571,0.5395756146850792,2.1011365689152313,0.3917617720552384
0,Awake,12,Index_W,0.5855883598327637,0.8963485598564148,Index_4,0.3387131989002228,0.7451631784439088,0.39362734211541384,0.49974030599373764,1.946015726632069,0.37237765607356327
0,Awake,13,Index_W,0.5855883598327637,0.8963485598564148,Delta,0.08425303399562836,0.474219024181366,0.3606886958961112,0.5178211840515505,2.016423641762816,0.36661251782540616
0,Awake,14,Aperiodic,0.11288828104734422,0.5578142762184144,Index_2,0.3479590594768524,0.7522882342338563,0.35602492022488985,0.5080903449656369,1.9785312291088897,0.34838150278105584
0,Awake,15,Index_W,0.5855883598327637,0.8963485598564148,Index_1,0.5175955653190613,0.8467923998832703,0.421890524002665,0.466825318813213,1.8178429898586685,0.34504020754337994
0,Awake,16,Aperiodic,0.11288828104734422,0.5578142762184144,Index_R,0.25792511105537413,0.5704055666923523,0.365936904608839,0.49842386805069094,1.9408894462228674,0.34430617152992077
0,Awake,17,Index_W,0.5855883598327637,0.8963485598564148,DFA,0.19657857120037078,0.8164880990982056,0.37602421890524,0.48906185864789675,1.9044332762637786,0.3400888162589945
0,Awake,18,EOG,0.11755180060863497,0.6986186027526858,Index_N_noEOG,0.1851243793964386,0.581670641899109,0.35818732247846363,0.4968948127969386,1.9349352225290741,0.33488194404849564
0,Awake,19,Aperiodic,0.11288828104734422,0.5578142762184144,Index_N,0.25405744910240174,0.67580144405365,0.39790539197924096,0.4680149030067228,1.8224752949198337,0.32726735461831824
0,Awake,20,Index_1,0.5175955653190613,0.8467923998832703,Index_N_noEOG,0.1851243793964386,0.581670641899109,0.46749967856182717,0.42882415379172073,1.6698644020297109,0.3131613926289004
0,Awake,21,Index_1,0.5175955653190613,0.8467923998832703,Index_N,0.25405744910240174,0.67580144405365,0.417074795740652,0.4492313890392678,1.7493312776299041,0.31252718955957404
0,Awake,22,Index_W,0.5855883598327637,0.8963485598564148,Index_R_noEOG,0.20179941058158876,0.5444429755210877,0.4208736105104438,0.44601758949585035,1.7368165687326562,0.3101066495664296
0,Awake,23,Index_R_noEOG,0.20179941058158876,0.5444429755210877,Index_N_noEOG,0.1851243793964386,0.581670641899109,0.3860764672191507,0.4497671505215284,1.7514175617612784,0.2901046376512223
0,Awake,24,Aperiodic,0.11288828104734422,0.5578142762184144,Index_4,0.3387131989002228,0.7451631784439088,0.36086402580856314,0.45155109622500766,1.7583643426248414,0.2736664097092648
0,Awake,25,Index_R_noEOG,0.20179941058158876,0.5444429755210877,Index_R,0.25792511105537413,0.5704055666923523,0.4305518216777904,0.41988692063926314,1.635062333718099,0.2734272446612763
0,Awake,26,Aperiodic,0.11288828104734422,0.5578142762184144,Index_N_noEOG,0.1851243793964386,0.581670641899109,0.4366649912919477,0.41507966489633563,1.6163426203680284,0.2691352449558614
0,Awake,27,Index_1,0.5175955653190613,0.8467923998832703,Index_4,0.3387131989002228,0.7451631784439088,0.3600925741937746,0.4462648298639781,1.7377793360717406,0.26566886031304704
0,Awake,28,Index_1,0.5175955653190613,0.8467923998832703,Index_2,0.3479590594768524,0.7522882342338563,0.3567028625530373,0.4415458517811153,1.719403380695033,0.2566132452242507
0,Awake,29,EOG,0.11755180060863497,0.6986186027526858,Index_R_noEOG,0.20179941058158876,0.5444429755210877,0.3587483781983098,0.4360154563018525,1.697867722177877,0.250358913528262
0,Awake,30,Index_1,0.5175955653190613,0.8467923998832703,Delta,0.08425303399562836,0.474219024181366,0.3758021343494676,0.4261910443012805,1.659610931543372,0.24788319591423977
0,Awake,31,Index_1,0.5175955653190613,0.8467923998832703,Index_R,0.25792511105537413,0.5704055666923523,0.36895257910301216,0.42609341252699784,1.6592307481443258,0.24322488475185725
0,Awake,32,EOG,0.11755180060863497,0.6986186027526858,Index_R,0.25792511105537413,0.5704055666923523,0.34572721003354645,0.43397499853277777,1.6899220694848205,0.23852483222355755
0,Awake,33,Index_N_noEOG,0.1851243793964386,0.581670641899109,Index_2,0.3479590594768524,0.7522882342338563,0.3411803209706264,0.43437951099007394,1.6914972628283944,0.2359252580821012
0,Awake,34,Index_N_noEOG,0.1851243793964386,0.581670641899109,Index_N,0.25405744910240174,0.67580144405365,0.419798253714072,0.3938955241886838,1.533850432970213,0.22410947950539664
0,Awake,35,EOG,0.11755180060863497,0.6986186027526858,Delta,0.08425303399562836,0.474219024181366,0.4116629457763024,0.39490267312522426,1.537772325293209,0.22138093958717434
0,Awake,36,Aperiodic,0.11288828104734422,0.5578142762184144,DFA,0.19657857120037078,0.8164880990982056,0.45129919465126883,0.38075796574065857,1.4826920712315752,0.21783854301136277
0,Awake,37,Index_R,0.25792511105537413,0.5704055666923523,Index_N_noEOG,0.1851243793964386,0.581670641899109,0.3707058782275315,0.40420840661721597,1.5740093538179594,0.21278864161790448
0,Awake,38,EOG,0.11755180060863497,0.6986186027526858,DFA,0.19657857120037078,0.8164880990982056,0.3551132046801398,0.40187039511104644,1.5649050108112346,0.20060522872904651
0,Awake,39,Index_N_noEOG,0.1851243793964386,0.581670641899109,Delta,0.08425303399562836,0.474219024181366,0.3642888034317908,0.3950213569590732,1.5382344865485589,0.19607279707049882
0,Awake,40,Index_1,0.5175955653190613,0.8467923998832703,Index_R_noEOG,0.20179941058158876,0.5444429755210877,0.38580762802005775,0.38128848175401714,1.484757929223904,0.1870233068377894
0,Awake,41,Index_R_noEOG,0.20179941058158876,0.5444429755210877,Index_4,0.3387131989002228,0.7451631784439088,0.43482987154161745,0.36677610498190816,1.4282459507210374,0.18621413174024654
0,Awake,42,Index_1,0.5175955653190613,0.8467923998832703,DFA,0.19657857120037078,0.8164880990982056,0.4238542190221266,0.3662125450671083,1.4260514179928456,0.1805836910366272
0,Awake,43,Index_R,0.25792511105537413,0.5704055666923523,Index_N,0.25405744910240174,0.67580144405365,0.3671291480135121,0.37673319579715014,1.4670193998216339,0.1714564343622982
0,Awake,44,Index_R_noEOG,0.20179941058158876,0.5444429755210877,DFA,0.19657857120037078,0.8164880990982056,0.37762556543896764,0.3680199576242225,1.4330895800511618,0.16354569755254503
0,Awake,45,Index_R,0.25792511105537413,0.5704055666923523,Index_4,0.3387131989002228,0.7451631784439088,0.3717695463630732,0.36883791587907183,1.4362747536474763,0.16219366725318377
0,Awake,46,Index_R_noEOG,0.20179941058158876,0.5444429755210877,Index_2,0.3479590594768524,0.7522882342338563,0.4054328895538438,0.35560066432921206,1.3847281815890387,0.15598145835443988
0,Awake,47,EOG,0.11755180060863497,0.6986186027526858,Index_N,0.25405744910240174,0.67580144405365,0.3516182950919313,0.36932634344575266,1.4381767169565822,0.15407095016525318
0,Awake,48,EOG,0.11755180060863497,0.6986186027526858,Index_2,0.3479590594768524,0.7522882342338563,0.3784671490187369,0.3548033618602001,1.3816234427377376,0.14443193637166676
0,Awake,49,Index_R_noEOG,0.20179941058158876,0.5444429755210877,Index_N,0.25405744910240174,0.67580144405365,0.3756852477411663,0.3537614880854108,1.3775663300202157,0.14184610023236768
0,Awake,50,Index_R,0.25792511105537413,0.5704055666923523,Index_2,0.3479590594768524,0.7522882342338563,0.3728215258377848,0.35089108910891087,1.3663888414666958,0.13659764692555176
0,Awake,51,Index_R_noEOG,0.20179941058158876,0.5444429755210877,Delta,0.08425303399562836,0.474219024181366,0.4103187497808376,0.3407063756272262,1.3267290174163053,0.13406304194337992
0,Awake,52,Index_R,0.25792511105537413,0.5704055666923523,Delta,0.08425303399562836,0.474219024181366,0.36160041144086125,0.35033520565319803,1.3642242012845502,0.13170362104121244
0,Awake,53,Index_N_noEOG,0.1851243793964386,0.581670641899109,Index_4,0.3387131989002228,0.7451631784439088,0.34551681413860413,0.34882760411135105,1.3583535195029497,0.12381716639401533
0,Awake,54,Index_N,0.25405744910240174,0.67580144405365,DFA,0.19657857120037078,0.8164880990982056,0.38979346136313164,0.32507359678708597,1.2658541327832151,0.10362820263526304
0,Awake,55,Index_R,0.25792511105537413,0.5704055666923523,DFA,0.19657857120037078,0.8164880990982056,0.36861360793893844,0.326321126643971,1.2707120813853672,0.09978815703211973
0,Awake,56,Index_N,0.25405744910240174,0.67580144405365,Index_2,0.3479590594768524,0.7522882342338563,0.368391523383166,0.32494767555752596,1.2653637887183045,0.09775777037666478
0,Awake,57,Index_2,0.3479590594768524,0.7522882342338563,Index_4,0.3387131989002228,0.7451631784439088,0.4666113403387374,0.30677958286583773,1.1946162550955561,0.09081015164184308
0,Awake,58,EOG,0.11755180060863497,0.6986186027526858,Index_4,0.3387131989002228,0.7451631784439088,0.3660771685388005,0.31742765925100086,1.236080439303597,0.08642365876765691
0,Awake,59,Index_4,0.3387131989002228,0.7451631784439088,DFA,0.19657857120037078,0.8164880990982056,0.3662408097904223,0.3159651493455418,1.2303853467880572,0.08437651597150533
0,Awake,60,Index_N_noEOG,0.1851243793964386,0.581670641899109,DFA,0.19657857120037078,0.8164880990982056,0.41812677521536357,0.3048083231793045,1.1869400634711058,0.07816464589772885
0,Awake,61,Delta,0.08425303399562836,0.474219024181366,DFA,0.19657857120037078,0.8164880990982056,0.3689993337463327,0.3067661720549223,1.1945640326739597,0.07179399842769084
0,Awake,62,Index_2,0.3479590594768524,0.7522882342338563,Delta,0.08425303399562836,0.474219024181366,0.4315570465091814,0.2958129026055187,1.151911410199988,0.0655584395169516
0,Awake,63,Index_2,0.3479590594768524,0.7522882342338563,DFA,0.19657857120037078,0.8164880990982056,0.3571820976470726,0.30341663936135355,1.1815207715633886,0.06483596995352624
0,Awake,64,Index_N,0.25405744910240174,0.67580144405365,Delta,0.08425303399562836,0.474219024181366,0.36066531857445094,0.3010576435233969,1.172334714435988,0.062155154683492614
0,Awake,65,Delta,0.08425303399562836,0.474219024181366,Index_4,0.3387131989002228,0.7451631784439088,0.3953338865966126,0.2959650673363844,1.1525039478755605,0.06028997843497257
0,Awake,66,Index_N,0.25405744910240174,0.67580144405365,Index_4,0.3387131989002228,0.7451631784439088,0.3624186176989702,0.2892836483737941,1.1264861417841276,0.0458409326634795
1,N1,1,EOG,0.05000000074505806,0.15811192989349365,Index_N_noEOG,0.2242669016122818,0.5742504000663757,0.4988370835136305,0.1923638487370419,1.7331683112957224,0.3657315421313717
1,N1,2,EOG,0.05000000074505806,0.15811192989349365,Index_R_noEOG,0.3408217430114746,0.6947346925735474,0.497917568152315,0.19163552715122875,1.7266062472631527,0.3617900156415487
1,N1,3,EOG,0.05000000074505806,0.15811192989349365,Index_W,0.37862467765808105,0.763146698474884,0.4870726958026828,0.19286785178839153,1.7377093002763992,0.3593180576043366
1,N1,4,Index_W,0.37862467765808105,0.763146698474884,Index_R_noEOG,0.3408217430114746,0.6947346925735474,0.4664106447425357,0.19608199834002252,1.7666682600171262,0.3575822374582258
1,N1,5,EOG,0.05000000074505806,0.15811192989349365,Index_1,0.47439470887184143,0.8134779930114746,0.4797436174816097,0.19325634600719033,1.74120957266939,0.35559056170441117
1,N1,6,Index_W,0.37862467765808105,0.763146698474884,Index_N_noEOG,0.2242669016122818,0.5742504000663757,0.3683199913457378,0.21650795669522915,1.9507029629070836,0.3501629070703043
1,N1,7,Index_R_noEOG,0.3408217430114746,0.6947346925735474,Index_N_noEOG,0.2242669016122818,0.5742504000663757,0.38103093898745133,0.21043119800457036,1.8959523137222785,0.34138555138557936
1,N1,8,Index_W,0.37862467765808105,0.763146698474884,Delta,0.05236256122589111,0.146558478474617,0.3645607961921246,0.2088303640588691,1.8815290492443015,0.3213709320589892
1,N1,9,Index_W,0.37862467765808105,0.763146698474884,Index_1,0.47439470887184143,0.8134779930114746,0.47249567286888794,0.18564445861226225,1.6726276529965576,0.31781365549282936
1,N1,10,EOG,0.05000000074505806,0.15811192989349365,Index_R,0.2306656837463379,0.5750745534896851,0.49015577672003463,0.1794402146470897,1.6167283813476316,0.3022929787847381
1,N1,11,Index_W,0.37862467765808105,0.763146698474884,Index_R,0.2306656837463379,0.5750745534896851,0.39771743833838163,0.19526509367572664,1.7593080762466158,0.3019900629944486
1,N1,12,Index_1,0.47439470887184143,0.8134779930114746,Index_R_noEOG,0.3408217430114746,0.6947346925735474,0.40702077022933797,0.19193980359648005,1.7293477306356557,0.2968596750883443
1,N1,13,Index_1,0.47439470887184143,0.8134779930114746,Index_2,0.2058306783437729,0.45722874999046326,0.3689420164430982,0.20011735367463693,1.8030261829672563,0.29627009920054387
1,N1,14,Index_W,0.37862467765808105,0.763146698474884,Aperiodic,0.2602565586566925,0.7036455869674683,0.388630463003029,0.19379897233947863,1.7460985513947131,0.2899566254744166
1,N1,15,Index_R_noEOG,0.3408217430114746,0.6947346925735474,Delta,0.05236256122589111,0.146558478474617,0.3824102120294245,0.19367475242778287,1.744979349340915,0.28488771093900195
1,N1,16,Index_W,0.37862467765808105,0.763146698474884,Index_2,0.2058306783437729,0.45722874999046326,0.36996971008221546,0.19121902126053592,1.7228535940699656,0.26743393462995263
1,N1,17,Index_2,0.2058306783437729,0.45722874999046326,Index_R_noEOG,0.3408217430114746,0.6947346925735474,0.38119320640415405,0.18869818999678697,1.7001412970706185,0.2668891059663124
1,N1,18,Index_R_noEOG,0.3408217430114746,0.6947346925735474,Aperiodic,0.2602565586566925,0.7036455869674683,0.3683199913457378,0.1908759635599159,1.7197626976278106,0.2651029905612601
1,N1,19,Index_W,0.37862467765808105,0.763146698474884,MSE,0.34631413221359253,0.8674126267433167,0.3783264820424059,0.188287390976634,1.6964400618919973,0.2634817185689947
1,N1,20,Index_W,0.37862467765808105,0.763146698474884,Theta,0.10223731398582458,0.39980393648147583,0.38073344872349635,0.18755412264691385,1.6898334284674137,0.26264266026515176
1,N1,21,Index_1,0.47439470887184143,0.8134779930114746,Delta,0.05236256122589111,0.146558478474617,0.3852498918217222,0.18526225436006816,1.6691840522228445,0.2578030837276725
1,N1,22,Index_2,0.2058306783437729,0.45722874999046326,Index_N_noEOG,0.2242669016122818,0.5742504000663757,0.3843574210298572,0.18378140719763097,1.6558418499709195,0.2520776820582732
1,N1,23,Index_2,0.2058306783437729,0.45722874999046326,Index_R,0.2306656837463379,0.5750745534896851,0.3652639549978364,0.1875781228299214,1.6900496663776399,0.2520502702860343
1,N1,24,Index_1,0.47439470887184143,0.8134779930114746,Index_4,0.23514603078365326,0.5287877321243286,0.3800843790566854,0.18390473697984822,1.6569530320967778,0.2496975852739105
1,N1,25,EOG,0.05000000074505806,0.15811192989349365,Index_2,0.2058306783437729,0.45722874999046326,0.48864128083080915,0.16694231675428953,1.5041242682160576,0.24633592811898877
1,N1,26,Delta,0.05236256122589111,0.146558478474617,Index_R,0.2306656837463379,0.5750745534896851,0.37537862397230637,0.18356146267275011,1.6538601840639975,0.24544513616422234
1,N1,27,EOG,0.05000000074505806,0.15811192989349365,Theta,0.10223731398582458,0.39980393648147583,0.4903450887061878,0.1662997817034469,1.4983351275000205,0.24435618229940698
1,N1,28,Index_N_noEOG,0.2242669016122818,0.5742504000663757,Delta,0.05236256122589111,0.146558478474617,0.40409995672868887,0.1760263886434588,1.5859703408498118,0.23679058938170403
1,N1,29,Index_N_noEOG,0.2242669016122818,0.5742504000663757,Index_R,0.2306656837463379,0.5750745534896851,0.3778396797922977,0.18010828928709552,1.6227476297835537,0.2352987650288303
1,N1,30,EOG,0.05000000074505806,0.15811192989349365,Aperiodic,0.2602565586566925,0.7036455869674683,0.48255625270445696,0.16428051890657655,1.480141884254518,0.2316954684323173
1,N1,31,Index_W,0.37862467765808105,0.763146698474884,Index_4,0.23514603078365326,0.5287877321243286,0.38698074426655127,0.17570205920996082,1.583048183176997,0.2256284198690948
1,N1,32,Index_R_noEOG,0.3408217430114746,0.6947346925735474,Index_R,0.2306656837463379,0.5750745534896851,0.4707918649935093,0.1632928728214172,1.47124334687958,0.2218575341432207
1,N1,33,Index_R_noEOG,0.3408217430114746,0.6947346925735474,Theta,0.10223731398582458,0.39980393648147583,0.36621051492860235,0.17803284292457172,1.6040481813636096,0.22120879553885325
1,N1,34,EOG,0.05000000074505806,0.15811192989349365,Delta,0.05236256122589111,0.146558478474617,0.49643011683254,0.15979664144997432,1.4397428468546192,0.21830159284031234
1,N1,35,Index_N_noEOG,0.2242669016122818,0.5742504000663757,Index_4,0.23514603078365326,0.5287877321243286,0.3750811337083514,0.1741636528028933,1.5691873810973476,0.21349144819448057
1,N1,36,Index_2,0.2058306783437729,0.45722874999046326,Index_4,0.23514603078365326,0.5287877321243286,0.42230095196884465,0.16690181491694991,1.5037593529708744,0.21273805432280948
1,N1,37,Index_1,0.47439470887184143,0.8134779930114746,Index_N_noEOG,0.2242669016122818,0.5742504000663757,0.3953916053656426,0.17012462617964322,1.5327963804085116,0.21066321618272502
1,N1,38,Index_R_noEOG,0.3408217430114746,0.6947346925735474,MSE,0.34631413221359253,0.8674126267433167,0.37245781047165727,0.1733308161852621,1.5616836529091147,0.20920346354025118
1,N1,39,Index_2,0.2058306783437729,0.45722874999046326,Theta,0.10223731398582458,0.39980393648147583,0.3654532669839896,0.17321472062348583,1.5606376499825056,0.20488686078033316
1,N1,40,Index_2,0.2058306783437729,0.45722874999046326,Aperiodic,0.2602565586566925,0.7036455869674683,0.36791432280398095,0.1723792749527997,1.5531104146326777,0.20349724363541075
1,N1,41,Index_2,0.2058306783437729,0.45722874999046326,Delta,0.05236256122589111,0.146558478474617,0.3898745131977499,0.16760257170427725,1.510073062463043,0.19886448692306435
1,N1,42,Index_1,0.47439470887184143,0.8134779930114746,Index_R,0.2306656837463379,0.5750745534896851,0.3840869753353527,0.1669154375036728,1.5038820903551646,0.19353454801017006
1,N1,43,EOG,0.05000000074505806,0.15811192989349365,MSE,0.34631413221359253,0.8674126267433167,0.4939420164430982,0.1534003577997833,1.3821133275590047,0.1887418275242769
1,N1,44,Index_1,0.47439470887184143,0.8134779930114746,Aperiodic,0.2602565586566925,0.7036455869674683,0.4087786672436175,0.16184296467615347,1.4581799003528069,0.18729416902403387
1,N1,45,Index_4,0.23514603078365326,0.5287877321243286,Theta,0.10223731398582458,0.39980393648147583,0.4417189528342709,0.15664892341629502,1.411382397712615,0.18171540193206784
1,N1,46,Index_1,0.47439470887184143,0.8134779930114746,Theta,0.10223731398582458,0.39980393648147583,0.3718628299437473,0.16490567395449804,1.485774433851637,0.18064145568639142
1,N1,47,Index_N_noEOG,0.2242669016122818,0.5742504000663757,Theta,0.10223731398582458,0.39980393648147583,0.39636520986585894,0.1614345824246029,1.454500439882817,0.18014816223827795
1,N1,48,Index_R_noEOG,0.3408217430114746,0.6947346925735474,Index_4,0.23514603078365326,0.5287877321243286,0.3792189528342709,0.16360390633203822,1.47404571035847,0.1797671178777171
1,N1,49,Delta,0.05236256122589111,0.146558478474617,Index_4,0.23514603078365326,0.5287877321243286,0.37137602769363914,0.16374715302703283,1.4753363407658595,0.17652852205205494
1,N1,50,Delta,0.05236256122589111,0.146558478474617,Theta,0.10223731398582458,0.39980393648147583,0.39000973604500216,0.1607477260567148,1.4483119710044332,0.17484603347725367
1,N1,51,EOG,0.05000000074505806,0.15811192989349365,Index_4,0.23514603078365326,0.5287877321243286,0.4874513197749892,0.15074771670402462,1.3582134445061635,0.17461161628567426
1,N1,52,Aperiodic,0.2602565586566925,0.7036455869674683,Index_R,0.2306656837463379,0.5750745534896851,0.3682388576373864,0.16222076606898195,1.461583832049499,0.1699731030177947
1,N1,53,Index_1,0.47439470887184143,0.8134779930114746,MSE,0.34631413221359253,0.8674126267433167,0.3908751622674167,0.1578717408163934,1.4223997920009184,0.16510558724008204
1,N1,54,Index_2,0.2058306783437729,0.45722874999046326,MSE,0.34631413221359253,0.8674126267433167,0.36656209433145825,0.16047453292604957,1.4458505434542914,0.1634319089674239
1,N1,55,Delta,0.05236256122589111,0.146558478474617,Aperiodic,0.2602565586566925,0.7036455869674683,0.3833567719601904,0.15453970607474599,1.3923786780323888,0.15042102339650346
1,N1,56,Index_N_noEOG,0.2242669016122818,0.5742504000663757,MSE,0.34631413221359253,0.8674126267433167,0.3950670705322371,0.15321844746751134,1.3804743438026439,0.15031288441878574
1,N1,57,Index_N_noEOG,0.2242669016122818,0.5742504000663757,Aperiodic,0.2602565586566925,0.7036455869674683,0.39412051060147124,0.15326125822939235,1.3808600620982683,0.15010476214187754
1,N1,58,Index_4,0.23514603078365326,0.5287877321243286,Index_R,0.2306656837463379,0.5750745534896851,0.3620726958026828,0.1563014418305995,1.4082516427550682,0.14781677285820136
1,N1,59,Aperiodic,0.2602565586566925,0.7036455869674683,Index_4,0.23514603078365326,0.5287877321243286,0.36034184335785374,0.15165380500352843,1.366377158937156,0.13202102081562817
1,N1,60,Index_R,0.2306656837463379,0.5750745534896851,MSE,0.34631413221359253,0.8674126267433167,0.3664539160536564,0.1501817698173435,1.3531143512185624,0.1294001368187884
1,N1,61,Delta,0.05236256122589111,0.146558478474617,MSE,0.34631413221359253,0.8674126267433167,0.39663565556036345,0.14587664243015008,1.3143258240989228,0.12467282930102776
1,N1,62,Index_R,0.2306656837463379,0.5750745534896851,Theta,0.10223731398582458,0.39980393648147583,0.3597198182604933,0.14711217289357842,1.3254577611074287,0.11707360667703132
1,N1,63,Aperiodic,0.2602565586566925,0.7036455869674683,Theta,0.10223731398582458,0.39980393648147583,0.3752704456945045,0.1444935021659447,1.3018639457795984,0.11328061747181165
1,N1,64,Aperiodic,0.2602565586566925,0.7036455869674683,MSE,0.34631413221359253,0.8674126267433167,0.42000216356555603,0.1388516352842301,1.2510316040473257,0.10543381682320879
1,N1,65,Index_4,0.23514603078365326,0.5287877321243286,MSE,0.34631413221359253,0.8674126267433167,0.3580430549545651,0.1415042914096987,1.2749316225155116,0.09843735802906908
1,N1,66,MSE,0.34631413221359253,0.8674126267433167,Theta,0.10223731398582458,0.39980393648147583,0.37537862397230637,0.13869182038010353,1.2495916966565996,0.09369138764586767
2,N2,1,Index_N_noEOG,0.4745564222335815,0.7556130528450012,EOG,0.05000000074505806,0.13969755470752718,0.5002019001470442,0.7582929082929083,1.9247085080822885,0.46254095282489915
2,N2,2,EOG,0.05000000074505806,0.13969755470752718,Aperiodic,0.5462306380271912,0.8667325139045715,0.49555438732828966,0.709124210939459,1.799907907822749,0.39639787318015635
2,N2,3,EOG,0.05000000074505806,0.13969755470752718,MSE,0.20461138188838962,0.6156458735466004,0.4933372951475395,0.6811053024645257,1.728789965218897,0.35953927017176
2,N2,4,EOG,0.05000000074505806,0.13969755470752718,Delta,0.0706953525543213,0.23719180822372438,0.5107311832872391,0.6630039166040274,1.6828448020863362,0.3487501337710951
2,N2,5,Index_N_noEOG,0.4745564222335815,0.7556130528450012,Delta,0.0706953525543213,0.23719180822372438,0.4163104843317867,0.7239940111033085,1.8376506198748435,0.3487227352609174
2,N2,6,Index_N_noEOG,0.4745564222335815,0.7556130528450012,Index_N,0.07764406502246857,0.439630401134491,0.3630545587529428,0.7308588957055214,1.8550751555079508,0.310438933283543
2,N2,7,Index_N_noEOG,0.4745564222335815,0.7556130528450012,Index_2,0.2684119284152985,0.56002756357193,0.4150914645760478,0.6852392212104442,1.7392827292879984,0.3068699508359331
2,N2,8,EOG,0.05000000074505806,0.13969755470752718,Theta,0.2050985038280487,0.5477810025215148,0.48257944580314355,0.6441050255242124,1.6348754012692714,0.3063778192985734
2,N2,9,EOG,0.05000000074505806,0.13969755470752718,DFA,0.11134338974952698,0.4827953517436983,0.4936344312130008,0.6368041358704198,1.6163441921816657,0.30424871473903303
2,N2,10,EOG,0.05000000074505806,0.13969755470752718,Index_1,0.24557647109031677,0.6241564869880676,0.48272420439913755,0.6409221493890103,1.6267965854045854,0.30256988300952453
2,N2,11,Index_N_noEOG,0.4745564222335815,0.7556130528450012,Index_W,0.13035974204540254,0.5861910343170166,0.35999177161664875,0.7238273231410276,1.8372275304120669,0.30139502191927164
2,N2,12,Index_N_noEOG,0.4745564222335815,0.7556130528450012,Aperiodic,0.5462306380271912,0.8667325139045715,0.38743495386772114,0.6975200263360035,1.7704540218752873,0.2985008184224522
2,N2,13,Aperiodic,0.5462306380271912,0.8667325139045715,Delta,0.0706953525543213,0.23719180822372438,0.3915872399107068,0.6807639836289222,1.7279236254975698,0.2850456033743884
2,N2,14,Index_N_noEOG,0.4745564222335815,0.7556130528450012,Index_4,0.20515880286693575,0.47727411389350893,0.3701096355892818,0.6971884553008884,1.7696124241426163,0.2848409738444075
2,N2,15,EOG,0.05000000074505806,0.13969755470752718,Index_W,0.13035974204540254,0.5861910343170166,0.4821146945212681,0.6221818003048031,1.5792295978561894,0.27925510062811376
2,N2,16,EOG,0.05000000074505806,0.13969755470752718,Index_2,0.2684119284152985,0.56002756357193,0.4918973280610729,0.6159357380677536,1.5633757648608044,0.277123033429393
2,N2,17,Index_N_noEOG,0.4745564222335815,0.7556130528450012,MSE,0.20461138188838962,0.6156458735466004,0.37531332617159224,0.6759656946826759,1.7157445487080107,0.26862846726478873
2,N2,18,Index_N_noEOG,0.4745564222335815,0.7556130528450012,Theta,0.2050985038280487,0.5477810025215148,0.3918005683679611,0.6640625,1.6855317116518365,0.2685917142594508
2,N2,19,Aperiodic,0.5462306380271912,0.8667325139045715,Index_N,0.07764406502246857,0.439630401134491,0.3619879164666712,0.6835078835309012,1.7348882264174892,0.2660206579167542
2,N2,20,Index_N_noEOG,0.4745564222335815,0.7556130528450012,Index_1,0.24557647109031677,0.6241564869880676,0.3915796210372334,0.6538681729704973,1.659656343765265,0.2583079811064094
2,N2,21,Delta,0.0706953525543213,0.23719180822372438,Index_1,0.24557647109031677,0.6241564869880676,0.38597974903430776,0.6563155849203265,1.6658683952708278,0.25701171609651136
2,N2,22,Delta,0.0706953525543213,0.23719180822372438,MSE,0.20461138188838962,0.6156458735466004,0.41046680837771327,0.6308326405395595,1.6011872683286457,0.24676741926817508
2,N2,23,Aperiodic,0.5462306380271912,0.8667325139045715,Index_2,0.2684119284152985,0.56002756357193,0.36792301890242507,0.6563328213979912,1.6659121451132013,0.24500440675383878
2,N2,24,Aperiodic,0.5462306380271912,0.8667325139045715,Index_4,0.20515880286693575,0.47727411389350893,0.37864277387945416,0.6483334420455287,1.64560802076932,0.2444548118229196
2,N2,25,Aperiodic,0.5462306380271912,0.8667325139045715,MSE,0.20461138188838962,0.6156458735466004,0.40104226189115677,0.6338109572546659,1.6087468689244548,0.2441332212326229
2,N2,26,EOG,0.05000000074505806,0.13969755470752718,Index_4,0.20515880286693575,0.47727411389350893,0.49929525420371346,0.5850832083422612,1.485065489492148,0.24219089688143075
2,N2,27,Index_N_noEOG,0.4745564222335815,0.7556130528450012,DFA,0.11134338974952698,0.4827953517436983,0.3697591674095068,0.6477497197159788,1.6441264094793353,0.2381716448755541
2,N2,28,Aperiodic,0.5462306380271912,0.8667325139045715,Theta,0.2050985038280487,0.5477810025215148,0.37462000868551576,0.639751229540191,1.623824542054769,0.23369715536279545
2,N2,29,Aperiodic,0.5462306380271912,0.8667325139045715,Index_1,0.24557647109031677,0.6241564869880676,0.3907948770694765,0.6227523826868209,1.580677857167626,0.22692593180878948
2,N2,30,EOG,0.05000000074505806,0.13969755470752718,Index_N,0.07764406502246857,0.439630401134491,0.4836308503424684,0.576339204648629,1.4628713503675657,0.2238588647774324
2,N2,31,Aperiodic,0.5462306380271912,0.8667325139045715,Index_W,0.13035974204540254,0.5861910343170166,0.3720676860719374,0.6262342591880178,1.5895155994867944,0.21933970500436262
2,N2,32,Delta,0.0706953525543213,0.23719180822372438,Index_N,0.07764406502246857,0.439630401134491,0.38547690338506546,0.6167940606370917,1.5655543699009111,0.2180081472052951
2,N2,33,Delta,0.0706953525543213,0.23719180822372438,Index_W,0.13035974204540254,0.5861910343170166,0.36121079137238765,0.6284464475079533,1.5951306034440982,0.2149675962399693
2,N2,34,Delta,0.0706953525543213,0.23719180822372438,Theta,0.2050985038280487,0.5477810025215148,0.39066535622042925,0.6093766712222949,1.5467274596683491,0.21358747778682596
2,N2,35,Aperiodic,0.5462306380271912,0.8667325139045715,DFA,0.11134338974952698,0.4827953517436983,0.40346506365568785,0.601437835750548,1.526577008556871,0.21245542627701966
2,N2,36,Delta,0.0706953525543213,0.23719180822372438,DFA,0.11134338974952698,0.4827953517436983,0.40016609144171944,0.6019345152824416,1.5278376867333003,0.2112227440157035
2,N2,37,Delta,0.0706953525543213,0.23719180822372438,Index_4,0.20515880286693575,0.47727411389350893,0.41951803006407473,0.590317012768421,1.4983499970993026,0.2090668090655368
2,N2,38,Index_1,0.24557647109031677,0.6241564869880676,Index_N,0.07764406502246857,0.439630401134491,0.3557632968389294,0.6199383978120602,1.5735353656965405,0.20404283255392225
2,N2,39,MSE,0.20461138188838962,0.6156458735466004,Index_N,0.07764406502246857,0.439630401134491,0.3742923971261609,0.6070682730923694,1.5408682547725643,0.2024428756082662
2,N2,40,Index_1,0.24557647109031677,0.6241564869880676,Index_2,0.2684119284152985,0.56002756357193,0.37462000868551576,0.5995902738823988,1.5218875040027002,0.1955095012823537
2,N2,41,MSE,0.20461138188838962,0.6156458735466004,Index_4,0.20515880286693575,0.47727411389350893,0.3785284907773537,0.5920422317023761,1.5027289692935215,0.1902972380167313
2,N2,42,Index_1,0.24557647109031677,0.6241564869880676,Index_4,0.20515880286693575,0.47727411389350893,0.386749255255118,0.5873803820830585,1.4908962045035932,0.18985374149932877
2,N2,43,MSE,0.20461138188838962,0.6156458735466004,Index_W,0.13035974204540254,0.5861910343170166,0.35685279574562107,0.6024799979419104,1.5292222376162232,0.18885443506410265
2,N2,44,MSE,0.20461138188838962,0.6156458735466004,Index_2,0.2684119284152985,0.56002756357193,0.3596793978042407,0.5997459188210633,1.5222825639253386,0.1878542780763206
2,N2,45,DFA,0.11134338974952698,0.4827953517436983,Index_N,0.07764406502246857,0.439630401134491,0.3784599209160934,0.579944660432209,1.4720227631610645,0.17864169761653234
2,N2,46,Index_1,0.24557647109031677,0.6241564869880676,Theta,0.2050985038280487,0.5477810025215148,0.36539355290926684,0.584844456910113,1.4844594876322506,0.17701837342655105
2,N2,47,Index_2,0.2684119284152985,0.56002756357193,Theta,0.2050985038280487,0.5477810025215148,0.36366406863081224,0.5844066800528919,1.4833483169585964,0.17577641551101858
2,N2,48,MSE,0.20461138188838962,0.6156458735466004,Index_1,0.24557647109031677,0.6241564869880676,0.37158769704311523,0.5754061419756727,1.4605030390652014,0.17111726376759392
2,N2,49,MSE,0.20461138188838962,0.6156458735466004,Theta,0.2050985038280487,0.5477810025215148,0.37042962827516324,0.5744532533052921,1.4580844051691444,0.16968803592545542
2,N2,50,Index_1,0.24557647109031677,0.6241564869880676,Index_W,0.13035974204540254,0.5861910343170166,0.45955521016662476,0.5392083243939069,1.3686252874580036,0.1694036714504953
2,N2,51,Index_W,0.13035974204540254,0.5861910343170166,Index_N,0.07764406502246857,0.439630401134491,0.36150792743784904,0.5741511580068246,1.4573176231184972,0.1653239461143713
2,N2,52,Index_W,0.13035974204540254,0.5861910343170166,Index_2,0.2684119284152985,0.56002756357193,0.360410809657684,0.5746197949565133,1.4585071232633662,0.16525092352916534
2,N2,53,Index_4,0.20515880286693575,0.47727411389350893,Index_N,0.07764406502246857,0.439630401134491,0.37914561952869646,0.5649735473763084,1.4340228974640175,0.1645578803486348
2,N2,54,MSE,0.20461138188838962,0.6156458735466004,DFA,0.11134338974952698,0.4827953517436983,0.49156971650171805,0.5254285597947799,1.333649317258021,0.16401190029551718
2,N2,55,Index_4,0.20515880286693575,0.47727411389350893,Index_2,0.2684119284152985,0.56002756357193,0.3911301075023047,0.5572355852726641,1.4143823056383193,0.16207739575136873
2,N2,56,Delta,0.0706953525543213,0.23719180822372438,Index_2,0.2684119284152985,0.56002756357193,0.39217389316815615,0.5566742729838753,1.4129575757930208,0.1619511802120329
2,N2,57,Index_W,0.13035974204540254,0.5861910343170166,DFA,0.11134338974952698,0.4827953517436983,0.35929845413057226,0.5707180114000798,1.4486035676245967,0.16118256836497724
2,N2,58,Index_2,0.2684119284152985,0.56002756357193,DFA,0.11134338974952698,0.4827953517436983,0.3581860986034605,0.5706361440518528,1.448395770901268,0.16060913180941627
2,N2,59,Index_4,0.20515880286693575,0.47727411389350893,DFA,0.11134338974952698,0.4827953517436983,0.3698353561442405,0.5634198430753516,1.43007926584833,0.15905851845527058
2,N2,60,Index_2,0.2684119284152985,0.56002756357193,Index_N,0.07764406502246857,0.439630401134491,0.3499424775052761,0.5689952058273354,1.4442307210538732,0.15545519910954758
2,N2,61,Index_W,0.13035974204540254,0.5861910343170166,Index_4,0.20515880286693575,0.47727411389350893,0.3721133993127776,0.5539977994804959,1.4061641173981532,0.15113911040390085
2,N2,62,Theta,0.2050985038280487,0.5477810025215148,DFA,0.11134338974952698,0.4827953517436983,0.3752142808164385,0.5485042211480632,1.39222024842534,0.14716663843455882
2,N2,63,Index_W,0.13035974204540254,0.5861910343170166,Theta,0.2050985038280487,0.5477810025215148,0.3468720714955087,0.5604825803274652,1.4226238689436466,0.14659641688392908
2,N2,64,Index_4,0.20515880286693575,0.47727411389350893,Theta,0.2050985038280487,0.5477810025215148,0.38128652297471294,0.5438137048225502,1.3803147214445621,0.1450088777756936
2,N2,65,Theta,0.2050985038280487,0.5477810025215148,Index_N,0.07764406502246857,0.439630401134491,0.37409430641585334,0.5446286950252344,1.382383339731711,0.143047430261912
2,N2,66,Index_1,0.24557647109031677,0.6241564869880676,DFA,0.11134338974952698,0.4827953517436983,0.363100271993783,0.5468690832730903,1.3880699210974305,0.14090829390308293
3,N3,1,Aperiodic,0.8196230292320251,1.0,MSE,0.05000000074505806,0.23938293457031254,0.6811204249887889,0.4542108532124865,5.219891590751473,2.8742543536992597
3,N3,2,Aperiodic,0.8196230292320251,1.0,EOG,0.15329245924949647,0.34927977323532106,0.48452861430197663,0.5705349526788253,6.556713871222219,2.692386872095874
3,N3,3,Aperiodic,0.8196230292320251,1.0,Delta,0.31921138763427737,0.6835786938667298,0.4953603090827555,0.550951503990178,6.331656547283812,2.6410910351856063
3,N3,4,Aperiodic,0.8196230292320251,1.0,Index_4,0.4897946953773499,0.7120448112487795,0.49108282451964536,0.5279827912324296,6.067695019886164,2.488657984169838
3,N3,5,Aperiodic,0.8196230292320251,1.0,Index_3,0.15165767073631287,0.3537288367748261,0.5006726689433924,0.5014337536707549,5.762587607919723,2.3844974487338946
3,N3,6,Index_N_noEOG,0.7543144822120667,0.9154968976974488,MSE,0.05000000074505806,0.23938293457031254,0.4907033702438856,0.4956618697515593,5.696255841253398,2.304468568830577
3,N3,7,Aperiodic,0.8196230292320251,1.0,Index_N_noEOG,0.7543144822120667,0.9154968976974488,0.5009831315326503,0.4865489631143422,5.591528302520062,2.3002782275172944
3,N3,8,MSE,0.05000000074505806,0.23938293457031254,EOG,0.15329245924949647,0.34927977323532106,0.4840111766532133,0.4985254929827678,5.729165232823294,2.28896882892627
3,N3,9,Aperiodic,0.8196230292320251,1.0,DFA,0.05000000074505806,0.19177464246749887,0.6711511262892822,0.3726132337450924,4.2821536994819915,2.202821152061873
3,N3,10,DFA,0.05000000074505806,0.19177464246749887,EOG,0.15329245924949647,0.34927977323532106,0.48935803235710096,0.46707493744238116,5.367728492092384,2.137383020760377
3,N3,11,MSE,0.05000000074505806,0.23938293457031254,Delta,0.31921138763427737,0.6835786938667298,0.5128497016109559,0.44136682104263153,5.072285132119797,2.0884702148823697
3,N3,12,Aperiodic,0.8196230292320251,1.0,Index_1,0.0705006867647171,0.29963986277580273,0.5021904860464314,0.4437738149672306,5.099946838697571,2.058954295690063
3,N3,13,Delta,0.31921138763427737,0.6835786938667298,EOG,0.15329245924949647,0.34927977323532106,0.4042912829004105,0.5272866333738246,6.0596946197938575,2.045590428920763
3,N3,14,Index_N_noEOG,0.7543144822120667,0.9154968976974488,EOG,0.15329245924949647,0.34927977323532106,0.36151643726930904,0.5776332469823072,6.638289039409781,2.0383341658220187
3,N3,15,MSE,0.05000000074505806,0.23938293457031254,Index_1,0.0705006867647171,0.29963986277580273,0.49001345337886787,0.4487159238083204,5.156742646630666,2.0368598190827076
3,N3,16,MSE,0.05000000074505806,0.23938293457031254,Index_3,0.15165767073631287,0.3537288367748261,0.5098140674048777,0.4304103445263127,4.9463708805617355,2.011915390107347
3,N3,17,Delta,0.31921138763427737,0.6835786938667298,Index_1,0.0705006867647171,0.29963986277580273,0.3951498844389251,0.5278558591769964,6.066236288629378,2.0019226839921878
3,N3,18,MSE,0.05000000074505806,0.23938293457031254,Index_4,0.4897946953773499,0.7120448112487795,0.50601952464728,0.43027689780593686,4.944837281334467,1.9961646859117355
3,N3,19,Index_N_noEOG,0.7543144822120667,0.9154968976974488,Index_4,0.4897946953773499,0.7120448112487795,0.37941977991652004,0.5420896993592903,6.229814728347765,1.9842951532338842
3,N3,20,Delta,0.31921138763427737,0.6835786938667298,DFA,0.05000000074505806,0.19177464246749887,0.5010176273759012,0.43123515439429927,4.955849778002034,1.9819504700300645
3,N3,21,Index_N_noEOG,0.7543144822120667,0.9154968976974488,DFA,0.05000000074505806,0.19177464246749887,0.493359550174204,0.42930899921954735,4.933713976692887,1.9407353580551818
3,N3,22,Delta,0.31921138763427737,0.6835786938667298,Index_3,0.15165767073631287,0.3537288367748261,0.43937355548656387,0.46541455037088464,5.348646956610355,1.910680474881717
3,N3,23,Index_N_noEOG,0.7543144822120667,0.9154968976974488,Delta,0.31921138763427737,0.6835786938667298,0.3989789230397737,0.5018876111954871,5.767803438981427,1.9022530813501393
3,N3,24,MSE,0.05000000074505806,0.23938293457031254,DFA,0.05000000074505806,0.19177464246749887,0.7378660871365,0.30797805710336484,3.5393519530405553,1.8737016894524638
3,N3,25,Index_N_noEOG,0.7543144822120667,0.9154968976974488,Index_1,0.0705006867647171,0.29963986277580273,0.40801683397150645,0.47952647368847806,5.510824300753153,1.840492249795036
3,N3,26,DFA,0.05000000074505806,0.19177464246749887,Index_4,0.4897946953773499,0.7120448112487795,0.5073303666908138,0.39896373056994816,4.584979437386236,1.8187689325481864
3,N3,27,Index_N_noEOG,0.7543144822120667,0.9154968976974488,Index_3,0.15165767073631287,0.3537288367748261,0.400427748456311,0.4801455989410986,5.5179394250988585,1.809108311654336
3,N3,28,Index_1,0.0705006867647171,0.29963986277580273,EOG,0.15329245924949647,0.34927977323532106,0.38207595984683845,0.4962587929566737,5.7031158147583545,1.796947489194644
3,N3,29,Aperiodic,0.8196230292320251,1.0,Index_2,0.4547455608844757,0.7461431622505188,0.46086446583186724,0.4257081859605519,4.892332634266655,1.7938378003312465
3,N3,30,Index_3,0.15165767073631287,0.3537288367748261,Theta,0.3272436797618866,0.6667757630348206,0.36210286660457414,0.5133760453856312,5.899831065789325,1.7742428748004602
3,N3,31,DFA,0.05000000074505806,0.19177464246749887,Index_3,0.15165767073631287,0.3537288367748261,0.5126082307081996,0.37661251488962666,4.3281143229848364,1.7060187946998746
3,N3,32,Index_1,0.0705006867647171,0.29963986277580273,Index_4,0.4897946953773499,0.7120448112487795,0.3840422229121391,0.46583539060211726,5.353483345632159,1.6719214214675506
3,N3,33,Index_1,0.0705006867647171,0.29963986277580273,Index_3,0.15165767073631287,0.3537288367748261,0.40649901686846734,0.44289096854211296,5.0898009723057775,1.6625000744300005
3,N3,34,Delta,0.31921138763427737,0.6835786938667298,Index_W,0.07369953989982606,0.4902870118618012,0.351029700921039,0.498164194448524,5.725013110153148,1.6586199389050478
3,N3,35,DFA,0.05000000074505806,0.19177464246749887,Index_1,0.0705006867647171,0.29963986277580273,0.4800441546793611,0.37309311241588244,4.287668571309737,1.5782260801802857
3,N3,36,Index_3,0.15165767073631287,0.3537288367748261,EOG,0.15329245924949647,0.34927977323532106,0.3908034081893132,0.4311046843487195,4.954350387379926,1.545373608562806
3,N3,37,Aperiodic,0.8196230292320251,1.0,Theta,0.3272436797618866,0.6667757630348206,0.4821484011176653,0.36100421003693467,4.148740231260222,1.5181600680369838
3,N3,38,Aperiodic,0.8196230292320251,1.0,Index_W,0.07369953989982606,0.4902870118618012,0.4804581047983718,0.36095057921061496,4.148123893941702,1.5125416397537006
3,N3,39,Delta,0.31921138763427737,0.6835786938667298,Index_4,0.4897946953773499,0.7120448112487795,0.42792093552726895,0.3931480366367699,4.5181441963490085,1.5054875558214995
3,N3,40,MSE,0.05000000074505806,0.23938293457031254,Index_2,0.4547455608844757,0.7461431622505188,0.47148918555314084,0.36481076175732663,4.192485965591539,1.5052226078065871
3,N3,41,MSE,0.05000000074505806,0.23938293457031254,Index_W,0.07369953989982606,0.4902870118618012,0.4913932871089034,0.34913359966667484,4.012320551257949,1.4802340975083477
3,N3,42,MSE,0.05000000074505806,0.23938293457031254,Theta,0.3272436797618866,0.6667757630348206,0.47973369209010314,0.3489836888331242,4.010597742800425,1.4442851705517787
3,N3,43,Delta,0.31921138763427737,0.6835786938667298,Theta,0.3272436797618866,0.6667757630348206,0.39352857980613337,0.3952191235059761,4.541945584747862,1.3938568157164306
3,N3,44,Index_4,0.4897946953773499,0.7120448112487795,Theta,0.3272436797618866,0.6667757630348206,0.3768670875159543,0.40748200365521614,4.682873315815235,1.3879537402215132
3,N3,45,DFA,0.05000000074505806,0.19177464246749887,Index_2,0.4547455608844757,0.7461431622505188,0.48152747593914935,0.33564163600952174,3.8572679206600813,1.3758530099173505
3,N3,46,Index_N_noEOG,0.7543144822120667,0.9154968976974488,Index_W,0.07369953989982606,0.4902870118618012,0.3712097692228086,0.4007522717116043,4.6055337477885825,1.3384093504416479
3,N3,47,Index_N_noEOG,0.7543144822120667,0.9154968976974488,Theta,0.3272436797618866,0.6667757630348206,0.38473213977715687,0.3862644593752165,4.439036603899954,1.3231079113903959
3,N3,48,EOG,0.15329245924949647,0.34927977323532106,Index_4,0.4897946953773499,0.7120448112487795,0.40680947945772533,0.36692594897324204,4.216794164929208,1.3086223597574995
3,N3,49,Index_1,0.0705006867647171,0.29963986277580273,Index_2,0.4547455608844757,0.7461431622505188,0.36893304356825,0.3925779099218148,4.511592174036004,1.2955423885375508
3,N3,50,EOG,0.15329245924949647,0.34927977323532106,Theta,0.3272436797618866,0.6667757630348206,0.3790403256407603,0.37284109802857046,4.284772366228387,1.2450611873509787
3,N3,51,Index_N_noEOG,0.7543144822120667,0.9154968976974488,Index_2,0.4547455608844757,0.7461431622505188,0.4057056124736969,0.3529394112174774,4.056057779396629,1.2398597931451154
3,N3,52,DFA,0.05000000074505806,0.19177464246749887,Index_W,0.07369953989982606,0.4902870118618012,0.4891510572975956,0.28963601454307775,3.3285611429124273,1.1390181450377115
3,N3,53,Index_3,0.15165767073631287,0.3537288367748261,Index_W,0.07369953989982606,0.4902870118618012,0.37417641174238503,0.3410470051878635,3.9193876188561387,1.0923659837087356
3,N3,54,Index_3,0.15165767073631287,0.3537288367748261,Index_4,0.4897946953773499,0.7120448112487795,0.47659457035427233,0.2807274205018795,3.2261816097238727,1.0609860678169314
3,N3,55,DFA,0.05000000074505806,0.19177464246749887,Theta,0.3272436797618866,0.6667757630348206,0.47317948187243436,0.2751930986056776,3.162579958371474,1.023288464209925
3,N3,56,Index_4,0.4897946953773499,0.7120448112487795,Index_W,0.07369953989982606,0.4902870118618012,0.3767635999862017,0.3218600813343549,3.698887246029369,1.0168424747708706
3,N3,57,Index_1,0.0705006867647171,0.29963986277580273,Theta,0.3272436797618866,0.6667757630348206,0.37410742005588327,0.3203745827302,3.681815567497122,1.0032871030220527
3,N3,58,EOG,0.15329245924949647,0.34927977323532106,Index_W,0.07369953989982606,0.4902870118618012,0.381903480630584,0.31054698457223,3.5688746357266656,0.9810621646876372
3,N3,59,Delta,0.31921138763427737,0.6835786938667298,Index_2,0.4547455608844757,0.7461431622505188,0.37141674428231397,0.31628576464367547,3.6348259656524977,0.9786184819131547
3,N3,60,EOG,0.15329245924949647,0.34927977323532106,Index_2,0.4547455608844757,0.7461431622505188,0.37210666114733176,0.30864091559370527,3.5469696694273707,0.9477443797341423
3,N3,61,Index_3,0.15165767073631287,0.3537288367748261,Index_2,0.4547455608844757,0.7461431622505188,0.3746593535478975,0.2906964295273272,3.340747666461659,0.8769830075352747
3,N3,62,Index_1,0.0705006867647171,0.29963986277580273,Index_W,0.07369953989982606,0.4902870118618012,0.4292662734140536,0.2397318332434307,2.7550512532500124,0.7533843111332973
3,N3,63,Index_2,0.4547455608844757,0.7461431622505188,Theta,0.3272436797618866,0.6667757630348206,0.3842491979716444,0.2558160898422249,2.9398950877152754,0.7454031316037274
3,N3,64,Index_4,0.4897946953773499,0.7120448112487795,Index_2,0.4547455608844757,0.7461431622505188,0.39214874607609784,0.22867718056002576,2.6280087394644847,0.6384215857819263
3,N3,65,Index_2,0.4547455608844757,0.7461431622505188,Index_W,0.07369953989982606,0.4902870118618012,0.38238642243609644,0.22487980037733551,2.584368406473062,0.6058409667720132
3,N3,66,Theta,0.3272436797618866,0.6667757630348206,Index_W,0.07369953989982606,0.4902870118618012,0.379730242505778,0.1799986918699719,2.068584780379049,0.4057739577913198
4,REM,1,Index_N_noEOG,0.1917464792728424,0.44573974013328554,Index_W,0.1437513828277588,0.5623217821121216,0.3613374880153404,0.4599074591956068,3.060427656900736,0.7445097537818455
4,REM,2,Index_N_noEOG,0.1917464792728424,0.44573974013328554,Index_R,0.4937269985675812,0.8839305639266968,0.3640140620006392,0.43299752898688465,2.881357078658571,0.6848404322761625
4,REM,3,Index_N_noEOG,0.1917464792728424,0.44573974013328554,Index_1,0.2515340089797974,0.6569325566291809,0.3653323745605625,0.4310934074999411,2.8686862120652497,0.6826915711623806
4,REM,4,Index_R,0.4937269985675812,0.8839305639266968,Index_W,0.1437513828277588,0.5623217821121216,0.4364413550655161,0.38138625613098043,2.5379128406974742,0.6712087641666629
4,REM,5,Index_N_noEOG,0.1917464792728424,0.44573974013328554,Index_2,0.1664201706647873,0.37161065340042115,0.38890220517737295,0.39808624179598845,2.649041931946457,0.6413160437639325
4,REM,6,Index_N_noEOG,0.1917464792728424,0.44573974013328554,Index_R_noEOG,0.5309078454971313,0.8934713721275329,0.35676334292106104,0.4195973406629549,2.7921862984630046,0.6393863749769839
4,REM,7,Index_2,0.1664201706647873,0.37161065340042115,Theta,0.08680664747953415,0.2899084329605103,0.3812120485778204,0.39900066900819536,2.6551269350802515,0.6309543295782718
4,REM,8,Index_R,0.4937269985675812,0.8839305639266968,Aperiodic,0.3483552157878876,0.66488755941391,0.37092521572387344,0.3982585570901604,2.6501885941313086,0.6120965602632311
4,REM,9,Index_R,0.4937269985675812,0.8839305639266968,Index_1,0.2515340089797974,0.6569325566291809,0.4331855225311601,0.3590444025032284,2.389240264548369,0.6017987699197124
4,REM,10,Index_N_noEOG,0.1917464792728424,0.44573974013328554,Aperiodic,0.3483552157878876,0.66488755941391,0.3697467241930329,0.3901159114857745,2.5960038286752543,0.5901171874522138
4,REM,11,Index_N_noEOG,0.1917464792728424,0.44573974013328554,Delta,0.051368598639965055,0.10380169153213505,0.3682086928731224,0.384811289245157,2.5607045259785965,0.5746649734717452
4,REM,12,Index_R,0.4937269985675812,0.8839305639266968,Index_2,0.1664201706647873,0.37161065340042115,0.3653323745605625,0.3865826851538722,2.5724921778680323,0.5744823013184387
4,REM,13,Theta,0.08680664747953415,0.2899084329605103,Index_W,0.1437513828277588,0.5623217821121216,0.37058565036752955,0.3719377731446213,2.4750384557118834,0.5466280854271047
4,REM,14,Index_R,0.4937269985675812,0.8839305639266968,Delta,0.051368598639965055,0.10380169153213505,0.36718999680409076,0.37253272808332993,2.4789975490308267,0.5430731053018873
4,REM,15,Index_R,0.4937269985675812,0.8839305639266968,Theta,0.08680664747953415,0.2899084329605103,0.3586609140300415,0.3735385895568962,2.485690996182341,0.5328592906569614
4,REM,16,Index_N_noEOG,0.1917464792728424,0.44573974013328554,Theta,0.08680664747953415,0.2899084329605103,0.37699744327261103,0.3613493643743299,2.404578500355109,0.5295225035095542
4,REM,17,Index_N_noEOG,0.1917464792728424,0.44573974013328554,Index_4,0.2594053685665131,0.529284656047821,0.3627356983061681,0.3659519587296469,2.43520619898636,0.5206005228026584
4,REM,18,Index_R_noEOG,0.5309078454971313,0.8934713721275329,Index_W,0.1437513828277588,0.5623217821121216,0.5080896452540747,0.3007519685970347,2.0013366257889533,0.5087687709770214
4,REM,19,Delta,0.051368598639965055,0.10380169153213505,Theta,0.08680664747953415,0.2899084329605103,0.3793144774688399,0.3488756613756614,2.3215729633110698,0.5012917580152847
4,REM,20,Index_2,0.1664201706647873,0.37161065340042115,Index_4,0.2594053685665131,0.529284656047821,0.434963247043784,0.3224163458691146,2.145500974610279,0.49825082340830606
4,REM,21,Index_2,0.1664201706647873,0.37161065340042115,Aperiodic,0.3483552157878876,0.66488755941391,0.3662112496005113,0.35393822393822394,2.3552614938436154,0.49631200519592605
4,REM,22,Delta,0.051368598639965055,0.10380169153213505,Aperiodic,0.3483552157878876,0.66488755941391,0.3877436880792586,0.34189900840128923,2.2751472285497507,0.49443028924192556
4,REM,23,Index_R_noEOG,0.5309078454971313,0.8934713721275329,Theta,0.08680664747953415,0.2899084329605103,0.3688878235858102,0.3508025453509355,2.3343953015699057,0.49224217859925334
4,REM,24,Index_R,0.4937269985675812,0.8839305639266968,DFA,0.23083076775074005,0.6295453906059265,0.366510866091403,0.3400607880203121,2.262914897064498,0.4628720327228443
4,REM,25,Delta,0.051368598639965055,0.10380169153213505,Index_4,0.2594053685665131,0.529284656047821,0.35963966123362096,0.3431615460852329,2.2835487127365455,0.4616150242254215
4,REM,26,Delta,0.051368598639965055,0.10380169153213505,Index_W,0.1437513828277588,0.5623217821121216,0.3572027804410355,0.33975491593046453,2.2608794888872077,0.4503896592315823
4,REM,27,Aperiodic,0.3483552157878876,0.66488755941391,Theta,0.08680664747953415,0.2899084329605103,0.36988654522211567,0.3322567911867083,2.2109836503182505,0.4479265587366843
4,REM,28,Index_N_noEOG,0.1917464792728424,0.44573974013328554,DFA,0.23083076775074005,0.6295453906059265,0.3685682326621924,0.332336731385757,2.211515607761373,0.4465261663952712
4,REM,29,Aperiodic,0.3483552157878876,0.66488755941391,Index_R_noEOG,0.5309078454971313,0.8934713721275329,0.3602788430808565,0.33516054704920467,2.2303065261985737,0.44325341189364964
4,REM,30,Index_2,0.1664201706647873,0.37161065340042115,Index_R_noEOG,0.5309078454971313,0.8934713721275329,0.37456056248002556,0.3266500600972007,2.173673981714167,0.43961198675902957
4,REM,31,Delta,0.051368598639965055,0.10380169153213505,Index_2,0.1664201706647873,0.37161065340042115,0.3831096196868009,0.3223312718472708,2.144934854439517,0.43863555665048615
4,REM,32,Delta,0.051368598639965055,0.10380169153213505,Index_1,0.2515340089797974,0.6569325566291809,0.3593999680409076,0.3317966401740766,2.2079216019490593,0.43412698513641385
4,REM,33,Index_N_noEOG,0.1917464792728424,0.44573974013328554,MSE,0.337353253364563,0.7940263628959656,0.3702660594439118,0.32211371376937514,2.1434871267602604,0.4233944724503625
4,REM,34,Index_R,0.4937269985675812,0.8839305639266968,Index_4,0.2594053685665131,0.529284656047821,0.3656919143496325,0.3232401702007451,2.150983066101814,0.4209052008267819
4,REM,35,Theta,0.08680664747953415,0.2899084329605103,Index_4,0.2594053685665131,0.529284656047821,0.43648130393096835,0.2951058772687986,1.9637650367467938,0.4206654199223182
4,REM,36,Index_2,0.1664201706647873,0.37161065340042115,Index_W,0.1437513828277588,0.5623217821121216,0.36507270693512306,0.31592684781857155,2.102316984187462,0.40242584531787795
4,REM,37,Index_R_noEOG,0.5309078454971313,0.8934713721275329,Index_1,0.2515340089797974,0.6569325566291809,0.44025647171620325,0.2873850968120477,1.9123875485798767,0.4016845229755725
4,REM,38,Index_2,0.1664201706647873,0.37161065340042115,DFA,0.23083076775074005,0.6295453906059265,0.362895493767977,0.31321437807085595,2.084267010723377,0.39347561223278826
4,REM,39,Aperiodic,0.3483552157878876,0.66488755941391,Index_W,0.1437513828277588,0.5623217821121216,0.36197666986257593,0.3125560538116592,2.079886229916781,0.39089362133572836
4,REM,40,Index_R,0.4937269985675812,0.8839305639266968,Index_R_noEOG,0.5309078454971313,0.8934713721275329,0.4396572387344199,0.28295046984869715,1.882877579269065,0.3881635186419661
4,REM,41,Delta,0.051368598639965055,0.10380169153213505,Index_R_noEOG,0.5309078454971313,0.8934713721275329,0.3605984340044743,0.31092625124866524,2.069040802778464,0.3854944393688001
4,REM,42,Delta,0.051368598639965055,0.10380169153213505,DFA,0.23083076775074005,0.6295453906059265,0.3807526366251198,0.30238903518512644,2.0122303909632495,0.38540939023133314
4,REM,43,Index_R,0.4937269985675812,0.8839305639266968,MSE,0.337353253364563,0.7940263628959656,0.3604186641099393,0.30600166194651246,2.036270407348161,0.37349119587308677
4,REM,44,Theta,0.08680664747953415,0.2899084329605103,DFA,0.23083076775074005,0.6295453906059265,0.3689677213167146,0.29622027293574305,1.9711807184272174,0.35833433666482023
4,REM,45,Index_2,0.1664201706647873,0.37161065340042115,Index_1,0.2515340089797974,0.6569325566291809,0.3624360818152764,0.2977421154540383,1.9813077316758922,0.355661329323647
4,REM,46,Aperiodic,0.3483552157878876,0.66488755941391,Index_4,0.2594053685665131,0.529284656047821,0.35959971236816873,0.29692241720543605,1.9758530969658505,0.35091649298250654
4,REM,47,Index_R_noEOG,0.5309078454971313,0.8934713721275329,Index_4,0.2594053685665131,0.529284656047821,0.38566634707574304,0.27764117164919544,1.8475471606737506,0.3268704174314632
4,REM,48,Delta,0.051368598639965055,0.10380169153213505,MSE,0.337353253364563,0.7940263628959656,0.3855864493448386,0.2737923013644229,1.8219350753904557,0.31692702731178807
4,REM,49,Index_2,0.1664201706647873,0.37161065340042115,MSE,0.337353253364563,0.7940263628959656,0.36431367849153085,0.27987662656518536,1.8624228664572926,0.31419244689426656
4,REM,50,Index_R_noEOG,0.5309078454971313,0.8934713721275329,DFA,0.23083076775074005,0.6295453906059265,0.3584811441355065,0.28173369752912,1.8747806380594174,0.3135923639991284
4,REM,51,Aperiodic,0.3483552157878876,0.66488755941391,DFA,0.23083076775074005,0.6295453906059265,0.41317114093959734,0.26420323915598015,1.7581252140809913,0.3132354596769197
4,REM,52,Theta,0.08680664747953415,0.2899084329605103,Index_1,0.2515340089797974,0.6569325566291809,0.3638542665388303,0.2788689701627348,1.8557174750550602,0.31135645425061875
4,REM,53,Index_W,0.1437513828277588,0.5623217821121216,DFA,0.23083076775074005,0.6295453906059265,0.3543863854266539,0.27750492695592327,1.8466405282218104,0.30003787655224035
4,REM,54,Theta,0.08680664747953415,0.2899084329605103,MSE,0.337353253364563,0.7940263628959656,0.36287551933525086,0.271461231564634,1.8064231058783329,0.292631203349546
4,REM,55,Aperiodic,0.3483552157878876,0.66488755941391,MSE,0.337353253364563,0.7940263628959656,0.4018056887184404,0.252710393085514,1.6816467328837603,0.2738895349690341
4,REM,56,DFA,0.23083076775074005,0.6295453906059265,Index_4,0.2594053685665131,0.529284656047821,0.3638143176733781,0.25477689187298924,1.6953981298565395,0.2529957961251001
4,REM,57,Index_R_noEOG,0.5309078454971313,0.8934713721275329,MSE,0.337353253364563,0.7940263628959656,0.3521292745286034,0.25757575757575757,1.7140230202196678,0.25142840810667394
4,REM,58,Index_W,0.1437513828277588,0.5623217821121216,Index_4,0.2594053685665131,0.529284656047821,0.37384148290188557,0.24911818339123373,1.6577425806941206,0.24589146173440318
4,REM,59,Index_W,0.1437513828277588,0.5623217821121216,Index_1,0.2515340089797974,0.6569325566291809,0.4843600191754554,0.2263680663169097,1.5063532389909713,0.2452572645472208
4,REM,60,Aperiodic,0.3483552157878876,0.66488755941391,Index_1,0.2515340089797974,0.6569325566291809,0.3692673378076063,0.2490569596378725,1.6573351707591444,0.24273240855353753
4,REM,61,Index_W,0.1437513828277588,0.5623217821121216,MSE,0.337353253364563,0.7940263628959656,0.3489133908596996,0.24862649093341682,1.6544706415974504,0.22835357077788956
4,REM,62,Index_4,0.2594053685665131,0.529284656047821,MSE,0.337353253364563,0.7940263628959656,0.3636345477788431,0.23261608443433596,1.547930315128924,0.1992463923562253
4,REM,63,DFA,0.23083076775074005,0.6295453906059265,MSE,0.337353253364563,0.7940263628959656,0.48931367849153085,0.20934028371218596,1.3930428419160121,0.19232123878268914
4,REM,64,DFA,0.23083076775074005,0.6295453906059265,Index_1,0.2515340089797974,0.6569325566291809,0.3649328859060403,0.22905069956371296,1.5242046671808895,0.19129952199973738
4,REM,65,Index_4,0.2594053685665131,0.529284656047821,Index_1,0.2515340089797974,0.6569325566291809,0.3689477468839885,0.20699509155702983,1.3774368960047634,0.13925449237184373
4,REM,66,MSE,0.337353253364563,0.7940263628959656,Index_1,0.2515340089797974,0.6569325566291809,0.3602988175135826,0.204674912061727,1.361997395395623,0.13042723350403979
6,Unknown/Uncertain,1,Index_1,0.06457115411758423,0.15563710629940034,EOG,0.05000000074505806,0.08769084662199023,0.5047923322683706,0.022313232594266347,23.74954889585473,11.483797845191845
6,Unknown/Uncertain,2,Index_1,0.06457115411758423,0.15563710629940034,Index_N,0.35607022047042847,0.5600597262382507,0.4728434504792332,0.022917311861257356,24.392513111271082,11.06099661491412
6,Unknown/Uncertain,3,Index_1,0.06457115411758423,0.15563710629940034,Index_3,0.3543000102043152,0.4825826704502106,0.4057507987220447,0.025512253917235838,27.154493159657573,10.612206489701315
6,Unknown/Uncertain,4,Index_1,0.06457115411758423,0.15563710629940034,Index_4,0.3175362229347229,0.4888529598712922,0.43130990415335463,0.023506877938359743,25.020029913972202,10.360076799956062
6,Unknown/Uncertain,5,Index_1,0.06457115411758423,0.15563710629940034,Aperiodic,0.593118941783905,0.824364173412323,0.402555910543131,0.019369715603382014,20.616555932802385,7.8967605352495225
6,Unknown/Uncertain,6,Index_1,0.06457115411758423,0.15563710629940034,Index_2,0.21065253019332886,0.48485811352729796,0.46325878594249204,0.014498550144985502,15.43183060242986,6.685672323809361
6,Unknown/Uncertain,7,Index_1,0.06457115411758423,0.15563710629940034,Index_N_noEOG,0.3842049539089203,0.8753805994987489,0.5527156549520766,0.009908929491952575,10.546773287129009,5.276651050074499
6,Unknown/Uncertain,8,Index_1,0.06457115411758423,0.15563710629940034,DFA,0.05000000074505806,0.23756441175937654,0.5399361022364217,0.008787894545265457,9.353576641693198,4.510397611649044
6,Unknown/Uncertain,9,Index_N,0.35607022047042847,0.5600597262382507,EOG,0.05000000074505806,0.08769084662199023,0.6549520766773163,0.005787363785218226,6.159899898612534,3.379487154043353
6,Unknown/Uncertain,10,Index_N,0.35607022047042847,0.5600597262382507,Index_3,0.3543000102043152,0.4825826704502106,0.4984025559105431,0.007068098409677858,7.523076186840451,3.2511178439204804
6,Unknown/Uncertain,11,Index_W,0.06445265114307404,0.20069797039031984,Index_N,0.35607022047042847,0.5600597262382507,0.3801916932907348,0.008797870767410912,9.364195039302707,3.1799974750064606
6,Unknown/Uncertain,12,Index_W,0.06445265114307404,0.20069797039031984,DFA,0.05000000074505806,0.23756441175937654,0.48881789137380194,0.006570189376046721,6.993116447033452,2.9295425443965435
6,Unknown/Uncertain,13,Index_1,0.06457115411758423,0.15563710629940034,Index_W,0.06445265114307404,0.20069797039031984,0.3610223642172524,0.007905414859381558,8.414291203738157,2.676724939368728
6,Unknown/Uncertain,14,DFA,0.05000000074505806,0.23756441175937654,EOG,0.05000000074505806,0.08769084662199023,0.6517571884984026,0.004710337343277379,5.013544612038083,2.615856552254853
6,Unknown/Uncertain,15,Index_N,0.35607022047042847,0.5600597262382507,Index_4,0.3175362229347229,0.4888529598712922,0.5175718849840255,0.0055679670046399725,5.9263804143368555,2.5497559971967108
6,Unknown/Uncertain,16,Index_1,0.06457115411758423,0.15563710629940034,Index_R_noEOG,0.46814147233963016,0.9725746631622314,0.3610223642172524,0.0075212992545260916,8.005449844664085,2.5291240653260116
6,Unknown/Uncertain,17,Index_3,0.3543000102043152,0.4825826704502106,EOG,0.05000000074505806,0.08769084662199023,0.5623003194888179,0.005151923189508811,5.483555606746472,2.5211047501194215
6,Unknown/Uncertain,18,Index_N,0.35607022047042847,0.5600597262382507,DFA,0.05000000074505806,0.23756441175937654,0.5782747603833865,0.0048816009493500186,5.19583256020153,2.426344068359351
6,Unknown/Uncertain,19,Index_1,0.06457115411758423,0.15563710629940034,MSE,0.05000000074505806,0.4308219015598298,0.4281150159744409,0.006242720708129514,6.6445684225505,2.416524500389032
6,Unknown/Uncertain,20,Index_N,0.35607022047042847,0.5600597262382507,Aperiodic,0.593118941783905,0.824364173412323,0.4504792332268371,0.00583174786996443,6.207141013785986,2.345708891194326
6,Unknown/Uncertain,21,Index_3,0.3543000102043152,0.4825826704502106,DFA,0.05000000074505806,0.23756441175937654,0.5047923322683706,0.005101546608117271,5.429936254287797,2.2361978536021465
6,Unknown/Uncertain,22,Index_W,0.06445265114307404,0.20069797039031984,MSE,0.05000000074505806,0.4308219015598298,0.5047923322683706,0.005038425970215887,5.362752502680166,2.202284010937592
6,Unknown/Uncertain,23,DFA,0.05000000074505806,0.23756441175937654,Index_4,0.3175362229347229,0.4888529598712922,0.5335463258785943,0.0043703548623469065,4.6516772528161345,1.9483389815344874
6,Unknown/Uncertain,24,Index_W,0.06445265114307404,0.20069797039031984,EOG,0.05000000074505806,0.08769084662199023,0.4472843450479233,0.004999642882651239,5.321472924270469,1.9329271865746507
6,Unknown/Uncertain,25,Index_W,0.06445265114307404,0.20069797039031984,Index_3,0.3543000102043152,0.4825826704502106,0.2971246006389776,0.006953271028037383,7.400857297070343,1.9018521681391112
6,Unknown/Uncertain,26,EOG,0.05000000074505806,0.08769084662199023,MSE,0.05000000074505806,0.4308219015598298,0.6006389776357828,0.003779806184406289,4.023114598665475,1.8158004618182406
6,Unknown/Uncertain,27,EOG,0.05000000074505806,0.08769084662199023,Index_4,0.3175362229347229,0.4888529598712922,0.5591054313099042,0.003865097069152108,4.113895709339777,1.7409960036244763
6,Unknown/Uncertain,28,Index_N,0.35607022047042847,0.5600597262382507,MSE,0.05000000074505806,0.4308219015598298,0.549520766773163,0.0038544281104338474,4.102539983284545,1.7049101505589193
6,Unknown/Uncertain,29,Index_3,0.3543000102043152,0.4825826704502106,Index_4,0.3175362229347229,0.4888529598712922,0.549520766773163,0.003676627762814758,3.913294519560718,1.6009158382250592
6,Unknown/Uncertain,30,Index_W,0.06445265114307404,0.20069797039031984,Aperiodic,0.593118941783905,0.824364173412323,0.3610223642172524,0.004787527009278481,5.095703023608576,1.4786403887149173
6,Unknown/Uncertain,31,Index_N,0.35607022047042847,0.5600597262382507,Index_N_noEOG,0.3842049539089203,0.8753805994987489,0.5814696485623003,0.003264222684554129,3.474342676537919,1.4387551665492053
6,Unknown/Uncertain,32,Index_3,0.3543000102043152,0.4825826704502106,Aperiodic,0.593118941783905,0.824364173412323,0.3610223642172524,0.004411649878972437,4.69563045468233,1.3342052440226944
6,Unknown/Uncertain,33,Index_W,0.06445265114307404,0.20069797039031984,Index_4,0.3175362229347229,0.4888529598712922,0.30990415335463256,0.004962398321993145,5.281830908676488,1.326957182561084
6,Unknown/Uncertain,34,DFA,0.05000000074505806,0.23756441175937654,Aperiodic,0.593118941783905,0.824364173412323,0.5079872204472844,0.0033821152046286055,3.5998240095601806,1.3206773722685903
6,Unknown/Uncertain,35,Index_N,0.35607022047042847,0.5600597262382507,Index_2,0.21065253019332886,0.48485811352729796,0.4728434504792332,0.003457297701364231,3.679846049163442,1.2671476526395828
6,Unknown/Uncertain,36,Index_3,0.3543000102043152,0.4825826704502106,Index_N_noEOG,0.3842049539089203,0.8753805994987489,0.5303514376996805,0.003134914639673667,3.336710994461291,1.2392780354011959
6,Unknown/Uncertain,37,Index_W,0.06445265114307404,0.20069797039031984,Index_N_noEOG,0.3842049539089203,0.8753805994987489,0.45686900958466453,0.003231346318976816,3.43935003938874,1.1144634365258461
6,Unknown/Uncertain,38,Index_3,0.3543000102043152,0.4825826704502106,MSE,0.05000000074505806,0.4308219015598298,0.4185303514376997,0.003422420774877864,3.6427240737873623,1.1060602353550941
6,Unknown/Uncertain,39,Index_W,0.06445265114307404,0.20069797039031984,Index_2,0.21065253019332886,0.48485811352729796,0.3610223642172524,0.0038156339692723283,4.061248639751248,1.1051792213798437
6,Unknown/Uncertain,40,DFA,0.05000000074505806,0.23756441175937654,Index_2,0.21065253019332886,0.48485811352729796,0.536741214057508,0.002813316364123518,2.9944112430589125,1.0704827119293843
6,Unknown/Uncertain,41,Aperiodic,0.593118941783905,0.824364173412323,Index_4,0.3175362229347229,0.4888529598712922,0.3865814696485623,0.003505112829871672,3.7307390664638964,1.0556531215403562
6,Unknown/Uncertain,42,EOG,0.05000000074505806,0.08769084662199023,Aperiodic,0.593118941783905,0.824364173412323,0.48562300319488816,0.002981502912849885,3.1734240618303313,1.0554647201220777
6,Unknown/Uncertain,43,Index_3,0.3543000102043152,0.4825826704502106,Index_2,0.21065253019332886,0.48485811352729796,0.40894568690095845,0.003206171880870676,3.41255510744862,0.9866040056019916
6,Unknown/Uncertain,44,Index_W,0.06445265114307404,0.20069797039031984,Index_R_noEOG,0.46814147233963016,0.9725746631622314,0.48881789137380194,0.0028230865746549563,3.0048103679619897,0.9799871766715158
6,Unknown/Uncertain,45,DFA,0.05000000074505806,0.23756441175937654,Index_R_noEOG,0.46814147233963016,0.9725746631622314,0.4504792332268371,0.0029586419623560023,3.1490915381018016,0.9681211082183835
6,Unknown/Uncertain,46,Index_4,0.3175362229347229,0.4888529598712922,Index_N_noEOG,0.3842049539089203,0.8753805994987489,0.5303514376996805,0.002500263582004127,2.661207063677109,0.8810235545380195
6,Unknown/Uncertain,47,DFA,0.05000000074505806,0.23756441175937654,Index_N_noEOG,0.3842049539089203,0.8753805994987489,0.6517571884984026,0.0021466679294125076,2.2848502446860217,0.8374103831180462
6,Unknown/Uncertain,48,Aperiodic,0.593118941783905,0.824364173412323,MSE,0.05000000074505806,0.4308219015598298,0.46325878594249204,0.0026207345286292654,2.7894327981293565,0.8289704655870821
6,Unknown/Uncertain,49,MSE,0.05000000074505806,0.4308219015598298,Index_4,0.3175362229347229,0.4888529598712922,0.4185303514376997,0.0027291666666666666,2.90484477859081,0.7972353546178789
6,Unknown/Uncertain,50,Index_N,0.35607022047042847,0.5600597262382507,Index_R_noEOG,0.46814147233963016,0.9725746631622314,0.3769968051118211,0.0028344262688861665,3.016880005181537,0.7603573182473526
6,Unknown/Uncertain,51,EOG,0.05000000074505806,0.08769084662199023,Index_N_noEOG,0.3842049539089203,0.8753805994987489,0.6357827476038339,0.0020500036055339796,2.1819635797109185,0.7514720522762709
6,Unknown/Uncertain,52,MSE,0.05000000074505806,0.4308219015598298,Index_R_noEOG,0.46814147233963016,0.9725746631622314,0.48881789137380194,0.002380581920024895,2.533821420601649,0.7497593525624675
6,Unknown/Uncertain,53,Index_4,0.3175362229347229,0.4888529598712922,Index_2,0.21065253019332886,0.48485811352729796,0.4440894568690096,0.002284831349858636,2.431907328218913,0.6358949476754918
6,Unknown/Uncertain,54,Index_3,0.3543000102043152,0.4825826704502106,Index_R_noEOG,0.46814147233963016,0.9725746631622314,0.31309904153354634,0.00266514372739387,2.8367006439257887,0.5750692111972118
6,Unknown/Uncertain,55,Aperiodic,0.593118941783905,0.824364173412323,Index_2,0.21065253019332886,0.48485811352729796,0.38977635782747605,0.002315605663743689,2.4646626033347765,0.5708908549739384
6,Unknown/Uncertain,56,Aperiodic,0.593118941783905,0.824364173412323,Index_N_noEOG,0.3842049539089203,0.8753805994987489,0.48562300319488816,0.001882073252272108,2.0032234478612727,0.48718838362592154
6,Unknown/Uncertain,57,DFA,0.05000000074505806,0.23756441175937654,MSE,0.05000000074505806,0.4308219015598298,0.610223642172524,0.0016540376704914483,1.760509077515575,0.46408061918682053
6,Unknown/Uncertain,58,MSE,0.05000000074505806,0.4308219015598298,Index_2,0.21065253019332886,0.48485811352729796,0.4249201277955272,0.0019360943300094622,2.060721895103728,0.4507220832229899
6,Unknown/Uncertain,59,MSE,0.05000000074505806,0.4308219015598298,Index_N_noEOG,0.3842049539089203,0.8753805994987489,0.597444089456869,0.0016350584511537218,1.7403081543296484,0.442292731180972
6,Unknown/Uncertain,60,EOG,0.05000000074505806,0.08769084662199023,Index_2,0.21065253019332886,0.48485811352729796,0.476038338658147,0.0018068928718682545,1.9232036608193412,0.4394803369395586
6,Unknown/Uncertain,61,Index_N_noEOG,0.3842049539089203,0.8753805994987489,Index_2,0.21065253019332886,0.48485811352729796,0.5623003194888179,0.0016359918200408998,1.7413016047376184,0.41683412918153623
6,Unknown/Uncertain,62,Index_N_noEOG,0.3842049539089203,0.8753805994987489,Index_R_noEOG,0.46814147233963016,0.9725746631622314,0.5463258785942492,0.0016385588348026064,1.7440338597948797,0.4064849521563081
6,Unknown/Uncertain,63,Aperiodic,0.593118941783905,0.824364173412323,Index_R_noEOG,0.46814147233963016,0.9725746631622314,0.3546325878594249,0.0019530219055159672,2.078739108901935,0.38255604181506325
6,Unknown/Uncertain,64,Index_4,0.3175362229347229,0.4888529598712922,Index_R_noEOG,0.46814147233963016,0.9725746631622314,0.31629392971246006,0.00172618217324592,1.8372975656244082,0.2648321373700205
6,Unknown/Uncertain,65,EOG,0.05000000074505806,0.08769084662199023,Index_R_noEOG,0.46814147233963016,0.9725746631622314,0.4249201277955272,0.0014903129657228018,1.5862453143008484,0.2491074338722455
6,Unknown/Uncertain,66,Index_2,0.21065253019332886,0.48485811352729796,Index_R_noEOG,0.46814147233963016,0.9725746631622314,0.3610223642172524,0.0011826887853890837,1.2588191790908287,0.09343951194013946
